stop_uic;stop_name;connections;connections_name
87113001;Paris-Est;[87212027, 87171926, 87192039, 87141002, 87147322, 87171009, 87182014, 87214056, 87144006, 87144451, 87141150, 87215012, 87212225, 87144014, 87172270, 87172007, 87172254, 87174003, 87174276, 87175042, 87191007, 87142109, 87193003];['Strasbourg', 'Champagne-Ardenne', 'Metz-Ville', 'Nancy-Ville', 'Meuse-TGV', 'Reims', 'Colmar', 'SÃ©lestat', 'Epinal', 'Remiremont', 'LunÃ©ville', 'Sarrebourg', 'Saverne', 'St-DiÃ©-des-Vosges', 'Rethel', 'Charleville-MÃ©ziÃ¨res', 'Sedan', 'ChÃ¢lons-en-Champagne', 'Vitry-le-FranÃ§ois', 'Bar-le-Duc', 'Thionville', 'Lorraine-TGV', 'Forbach']
87212027;Strasbourg;[87113001, 87171926, 87182063, 87300822, 87300863, 87713040, 87725689, 87723197, 87775007, 87773002, 87318964, 87319012, 87751008, 87722025, 87725002, 87713545, 87182014, 87214056, 87147322, 87141002, 87141150, 87215012, 87212225, 87223263, 87313882, 87271494, 87142109, 87581009, 87583005, 87575001, 87571240, 87393702, 87111849, 87471003, 87396002, 87481002, 87484006, 87192039, 87756056, 87757674, 87757625, 87757526, 87755447, 87755009, 87342014, 87191007, 87763029, 87703975, 87688887];['Paris-Est', 'Champagne-Ardenne', 'Mulhouse', 'Belfort-MontbÃ©liard-TGV', 'BesanÃ§on-Franche-ComtÃ©', 'Dijon-Ville', 'MÃ¢con-Ville', 'Lyon-Part-Dieu', 'NÃ®mes', 'Montpellier-Saint-Roch', 'Avignon-TGV', 'Aix-en-Provence-TGV', 'Marseille-St-Charles', 'Lyon-Perrache', 'Chalon-sur-SaÃ´ne', 'Beaune', 'Colmar', 'SÃ©lestat', 'Meuse-TGV', 'Nancy-Ville', 'LunÃ©ville', 'Sarrebourg', 'Saverne', 'Lille Europe', 'TGV Haute-Picardie', 'AÃ©ropt-C-de-Gaulle-TGV', 'Lorraine-TGV', 'Bordeaux-St-Jean', 'AngoulÃªme', 'Poitiers', 'St-Pierre-des-Corps', 'Massy-TGV', 'Marne-la-VallÃ©e-Chessy.', 'Rennes', 'Le Mans', 'Nantes', 'Angers-St-Laud', 'Metz-Ville', 'Nice-Ville', 'Antibes', 'Cannes', 'St-RaphaÃ«l-Valescure', 'Les Arcs-Draguignan', 'Toulon', 'Arras', 'Thionville', 'Valence-TGV', 'NÃ®mes Pont-du-Gard', 'Montpellier-Sud-France']
87182014;Colmar;[87751008, 87319012, 87318964, 87722025, 87725689, 87725002, 87713545, 87713040, 87300863, 87300822, 87182063, 87212027, 87214056, 87113001, 87171926, 87756056, 87757674, 87757625, 87757526, 87755447, 87755009, 87141002, 87192039, 87191007, 87723197, 87763029, 87703975, 87688887, 87773002, 87775007];['Marseille-St-Charles', 'Aix-en-Provence-TGV', 'Avignon-TGV', 'Lyon-Perrache', 'MÃ¢con-Ville', 'Chalon-sur-SaÃ´ne', 'Beaune', 'Dijon-Ville', 'BesanÃ§on-Franche-ComtÃ©', 'Belfort-MontbÃ©liard-TGV', 'Mulhouse', 'Strasbourg', 'SÃ©lestat', 'Paris-Est', 'Champagne-Ardenne', 'Nice-Ville', 'Antibes', 'Cannes', 'St-RaphaÃ«l-Valescure', 'Les Arcs-Draguignan', 'Toulon', 'Nancy-Ville', 'Metz-Ville', 'Thionville', 'Lyon-Part-Dieu', 'Valence-TGV', 'NÃ®mes Pont-du-Gard', 'Montpellier-Sud-France', 'Montpellier-Saint-Roch', 'NÃ®mes']
87214056;SÃ©lestat;[87192039, 87182063, 87300822, 87300863, 87713040, 87725689, 87723197, 87775007, 87773002, 87141002, 87318964, 87319012, 87751008, 87182014, 87212027, 87113001, 87755009, 87755447, 87757526, 87757625, 87757674, 87756056, 87725002, 87191007, 87763029, 87703975, 87688887];['Metz-Ville', 'Mulhouse', 'Belfort-MontbÃ©liard-TGV', 'BesanÃ§on-Franche-ComtÃ©', 'Dijon-Ville', 'MÃ¢con-Ville', 'Lyon-Part-Dieu', 'NÃ®mes', 'Montpellier-Saint-Roch', 'Nancy-Ville', 'Avignon-TGV', 'Aix-en-Provence-TGV', 'Marseille-St-Charles', 'Colmar', 'Strasbourg', 'Paris-Est', 'Toulon', 'Les Arcs-Draguignan', 'St-RaphaÃ«l-Valescure', 'Cannes', 'Antibes', 'Nice-Ville', 'Chalon-sur-SaÃ´ne', 'Thionville', 'Valence-TGV', 'NÃ®mes Pont-du-Gard', 'Montpellier-Sud-France']
87171926;Champagne-Ardenne;[87212027, 87113001, 87192039, 87141002, 87182014, 87147322, 87144006, 87144451, 87174003, 87174276, 87175042, 87191007, 87223263, 87313882, 87271494, 87142109, 87581009, 87583005, 87575001, 87571240, 87393702, 87111849, 87471003, 87396002, 87481002, 87484006, 87722025, 87723197, 87694109, 87342014];['Strasbourg', 'Paris-Est', 'Metz-Ville', 'Nancy-Ville', 'Colmar', 'Meuse-TGV', 'Epinal', 'Remiremont', 'ChÃ¢lons-en-Champagne', 'Vitry-le-FranÃ§ois', 'Bar-le-Duc', 'Thionville', 'Lille Europe', 'TGV Haute-Picardie', 'AÃ©ropt-C-de-Gaulle-TGV', 'Lorraine-TGV', 'Bordeaux-St-Jean', 'AngoulÃªme', 'Poitiers', 'St-Pierre-des-Corps', 'Massy-TGV', 'Marne-la-VallÃ©e-Chessy.', 'Rennes', 'Le Mans', 'Nantes', 'Angers-St-Laud', 'Lyon-Perrache', 'Lyon-Part-Dieu', 'Creusot - TGV (le)', 'Arras']
87147322;Meuse-TGV;[87141002, 87113001, 87171926, 87212027, 87144006, 87144451, 87215012, 87212225, 87141150, 87144014, 87192039, 87191007, 87581009, 87583005, 87575001, 87571240, 87393702, 87111849, 87142109, 87223263, 87271494];['Nancy-Ville', 'Paris-Est', 'Champagne-Ardenne', 'Strasbourg', 'Epinal', 'Remiremont', 'Sarrebourg', 'Saverne', 'LunÃ©ville', 'St-DiÃ©-des-Vosges', 'Metz-Ville', 'Thionville', 'Bordeaux-St-Jean', 'AngoulÃªme', 'Poitiers', 'St-Pierre-des-Corps', 'Massy-TGV', 'Marne-la-VallÃ©e-Chessy.', 'Lorraine-TGV', 'Lille Europe', 'AÃ©ropt-C-de-Gaulle-TGV']
87193003;Forbach;[87113001];['Paris-Est']
87192039;Metz-Ville;[87113001, 87214056, 87182063, 87300822, 87300863, 87713040, 87725689, 87723197, 87775007, 87773002, 87171926, 87147322, 87191007, 87212027, 87182014, 87763029, 87318964, 87319012, 87751008, 87703975, 87688887];['Paris-Est', 'SÃ©lestat', 'Mulhouse', 'Belfort-MontbÃ©liard-TGV', 'BesanÃ§on-Franche-ComtÃ©', 'Dijon-Ville', 'MÃ¢con-Ville', 'Lyon-Part-Dieu', 'NÃ®mes', 'Montpellier-Saint-Roch', 'Champagne-Ardenne', 'Meuse-TGV', 'Thionville', 'Strasbourg', 'Colmar', 'Valence-TGV', 'Avignon-TGV', 'Aix-en-Provence-TGV', 'Marseille-St-Charles', 'NÃ®mes Pont-du-Gard', 'Montpellier-Sud-France']
87191007;Thionville;[87113001, 87192039, 87171926, 87147322, 87212027, 87182014, 87182063, 87300822, 87300863, 87713040, 87723197, 87763029, 87318964, 87319012, 87751008, 87725689, 87703975, 87688887, 87214056, 87773002, 87775007];['Paris-Est', 'Metz-Ville', 'Champagne-Ardenne', 'Meuse-TGV', 'Strasbourg', 'Colmar', 'Mulhouse', 'Belfort-MontbÃ©liard-TGV', 'BesanÃ§on-Franche-ComtÃ©', 'Dijon-Ville', 'Lyon-Part-Dieu', 'Valence-TGV', 'Avignon-TGV', 'Aix-en-Provence-TGV', 'Marseille-St-Charles', 'MÃ¢con-Ville', 'NÃ®mes Pont-du-Gard', 'Montpellier-Sud-France', 'SÃ©lestat', 'Montpellier-Saint-Roch', 'NÃ®mes']
87722025;Lyon-Perrache;[87751008, 87319012, 87318964, 87725689, 87725002, 87713545, 87713040, 87300863, 87300822, 87182063, 87182014, 87212027, 87723197, 87111849, 87271494, 87313882, 87342014, 87286005, 87345009, 87481002, 87484006, 87396002, 87393702, 87487603, 87571240, 87471003, 87478404, 87694109, 87171926, 87141002, 87756056, 87757674, 87757625, 87757526, 87755447, 87755009, 87686006, 87725705, 87763029, 87775007, 87773002, 87773200, 87781005, 87781104, 87615286, 87611004, 87703975, 87688887, 87223263];['Marseille-St-Charles', 'Aix-en-Provence-TGV', 'Avignon-TGV', 'MÃ¢con-Ville', 'Chalon-sur-SaÃ´ne', 'Beaune', 'Dijon-Ville', 'BesanÃ§on-Franche-ComtÃ©', 'Belfort-MontbÃ©liard-TGV', 'Mulhouse', 'Colmar', 'Strasbourg', 'Lyon-Part-Dieu', 'Marne-la-VallÃ©e-Chessy.', 'AÃ©ropt-C-de-Gaulle-TGV', 'TGV Haute-Picardie', 'Arras', 'Lille Flandres', 'Douai', 'Nantes', 'Angers-St-Laud', 'Le Mans', 'Massy-TGV', 'Saumur', 'St-Pierre-des-Corps', 'Rennes', 'Laval', 'Creusot - TGV (le)', 'Champagne-Ardenne', 'Nancy-Ville', 'Nice-Ville', 'Antibes', 'Cannes', 'St-RaphaÃ«l-Valescure', 'Les Arcs-Draguignan', 'Toulon', 'Paris-Gare-de-Lyon', 'MÃ¢con-LochÃ©-TGV', 'Valence-TGV', 'NÃ®mes', 'Montpellier-Saint-Roch', 'SÃ¨te', 'BÃ©ziers', 'Narbonne', 'Carcassonne', 'Toulouse-Matabiau', 'NÃ®mes Pont-du-Gard', 'Montpellier-Sud-France', 'Lille Europe']
87723197;Lyon-Part-Dieu;[87212027, 87182063, 87300822, 87300863, 87713040, 87725689, 87775007, 87773002, 87192039, 87214056, 87318964, 87319012, 87751008, 87141002, 87763029, 87223263, 87313882, 87271494, 87111849, 87703975, 87688887, 87286005, 87342014, 87755009, 87755447, 87757526, 87757625, 87757674, 87756056, 87345009, 87722025, 87481002, 87484006, 87487603, 87571240, 87393702, 87396002, 87413013, 87411017, 87381509, 87393009, 87393579, 87471003, 87478404, 87694109, 87171926, 87686006, 87725705, 87726000, 87773200, 87781005, 87781104, 87615286, 87611004, 87286542, 87741009, 87742007, 87725002, 87781278, 87784009, 87191007, 87182014];['Strasbourg', 'Mulhouse', 'Belfort-MontbÃ©liard-TGV', 'BesanÃ§on-Franche-ComtÃ©', 'Dijon-Ville', 'MÃ¢con-Ville', 'NÃ®mes', 'Montpellier-Saint-Roch', 'Metz-Ville', 'SÃ©lestat', 'Avignon-TGV', 'Aix-en-Provence-TGV', 'Marseille-St-Charles', 'Nancy-Ville', 'Valence-TGV', 'Lille Europe', 'TGV Haute-Picardie', 'AÃ©ropt-C-de-Gaulle-TGV', 'Marne-la-VallÃ©e-Chessy.', 'NÃ®mes Pont-du-Gard', 'Montpellier-Sud-France', 'Lille Flandres', 'Arras', 'Toulon', 'Les Arcs-Draguignan', 'St-RaphaÃ«l-Valescure', 'Cannes', 'Antibes', 'Nice-Ville', 'Douai', 'Lyon-Perrache', 'Nantes', 'Angers-St-Laud', 'Saumur', 'St-Pierre-des-Corps', 'Massy-TGV', 'Le Mans', 'Le Havre', 'Rouen-Rive-Droite', 'Mantes-la-Jolie', 'Versailles-Chantiers', 'Massy-Palaiseau', 'Rennes', 'Laval', 'Creusot - TGV (le)', 'Champagne-Ardenne', 'Paris-Gare-de-Lyon', 'MÃ¢con-LochÃ©-TGV', 'St-Etienne-ChÃ¢teaucreux', 'SÃ¨te', 'BÃ©ziers', 'Narbonne', 'Carcassonne', 'Toulouse-Matabiau', 'Tourcoing', 'ChambÃ©ry-Chal.-les-Eaux', 'Modane', 'Chalon-sur-SaÃ´ne', 'Agde', 'Perpignan', 'Thionville', 'Colmar']
87694109;Creusot - TGV (le);[87722025, 87723197, 87111849, 87171926, 87141002, 87686006, 87725705, 87726000, 87223263, 87342014, 87313882, 87271494];['Lyon-Perrache', 'Lyon-Part-Dieu', 'Marne-la-VallÃ©e-Chessy.', 'Champagne-Ardenne', 'Nancy-Ville', 'Paris-Gare-de-Lyon', 'MÃ¢con-LochÃ©-TGV', 'St-Etienne-ChÃ¢teaucreux', 'Lille Europe', 'Arras', 'TGV Haute-Picardie', 'AÃ©ropt-C-de-Gaulle-TGV']
87111849;Marne-la-VallÃ©e-Chessy.;[87223263, 87313882, 87271494, 87723197, 87763029, 87318964, 87751008, 87319012, 87703975, 87688887, 87775007, 87773002, 87286005, 87393702, 87571240, 87575001, 87583005, 87581009, 87342014, 87755009, 87755447, 87757526, 87757625, 87757674, 87756056, 87713131, 87713040, 87300863, 87300822, 87182063, 87345009, 87722025, 87396002, 87471003, 87484006, 87481002, 87478404, 87171926, 87147322, 87142109, 87212027, 87694109, 87141002, 87286542, 87762906, 87773200, 87781278, 87781005, 87781104, 87784009];['Lille Europe', 'TGV Haute-Picardie', 'AÃ©ropt-C-de-Gaulle-TGV', 'Lyon-Part-Dieu', 'Valence-TGV', 'Avignon-TGV', 'Marseille-St-Charles', 'Aix-en-Provence-TGV', 'NÃ®mes Pont-du-Gard', 'Montpellier-Sud-France', 'NÃ®mes', 'Montpellier-Saint-Roch', 'Lille Flandres', 'Massy-TGV', 'St-Pierre-des-Corps', 'Poitiers', 'AngoulÃªme', 'Bordeaux-St-Jean', 'Arras', 'Toulon', 'Les Arcs-Draguignan', 'St-RaphaÃ«l-Valescure', 'Cannes', 'Antibes', 'Nice-Ville', 'Montbard', 'Dijon-Ville', 'BesanÃ§on-Franche-ComtÃ©', 'Belfort-MontbÃ©liard-TGV', 'Mulhouse', 'Douai', 'Lyon-Perrache', 'Le Mans', 'Rennes', 'Angers-St-Laud', 'Nantes', 'Laval', 'Champagne-Ardenne', 'Meuse-TGV', 'Lorraine-TGV', 'Strasbourg', 'Creusot - TGV (le)', 'Nancy-Ville', 'Tourcoing', 'Lyon-Saint-Exupery-Tgv', 'SÃ¨te', 'Agde', 'BÃ©ziers', 'Narbonne', 'Perpignan']
87141002;Nancy-Ville;[87147322, 87113001, 87214056, 87182063, 87300822, 87300863, 87713040, 87725689, 87723197, 87318964, 87319012, 87751008, 87171926, 87212027, 87144006, 87144451, 87141150, 87215012, 87212225, 87144014, 87722025, 87694109, 87111849, 87756056, 87757674, 87757625, 87757526, 87755447, 87755009, 87725002, 87713545, 87182014];['Meuse-TGV', 'Paris-Est', 'SÃ©lestat', 'Mulhouse', 'Belfort-MontbÃ©liard-TGV', 'BesanÃ§on-Franche-ComtÃ©', 'Dijon-Ville', 'MÃ¢con-Ville', 'Lyon-Part-Dieu', 'Avignon-TGV', 'Aix-en-Provence-TGV', 'Marseille-St-Charles', 'Champagne-Ardenne', 'Strasbourg', 'Epinal', 'Remiremont', 'LunÃ©ville', 'Sarrebourg', 'Saverne', 'St-DiÃ©-des-Vosges', 'Lyon-Perrache', 'Creusot - TGV (le)', 'Marne-la-VallÃ©e-Chessy.', 'Nice-Ville', 'Antibes', 'Cannes', 'St-RaphaÃ«l-Valescure', 'Les Arcs-Draguignan', 'Toulon', 'Chalon-sur-SaÃ´ne', 'Beaune', 'Colmar']
87182063;Mulhouse;[87212027, 87300822, 87300863, 87713040, 87725689, 87723197, 87775007, 87773002, 87192039, 87214056, 87318964, 87319012, 87751008, 87141002, 87722025, 87725002, 87713545, 87182014, 87286005, 87271494, 87111849, 87713131, 87223263, 87756056, 87757674, 87757625, 87757526, 87755447, 87755009, 87686006, 87191007, 87763029, 87703975, 87688887];['Strasbourg', 'Belfort-MontbÃ©liard-TGV', 'BesanÃ§on-Franche-ComtÃ©', 'Dijon-Ville', 'MÃ¢con-Ville', 'Lyon-Part-Dieu', 'NÃ®mes', 'Montpellier-Saint-Roch', 'Metz-Ville', 'SÃ©lestat', 'Avignon-TGV', 'Aix-en-Provence-TGV', 'Marseille-St-Charles', 'Nancy-Ville', 'Lyon-Perrache', 'Chalon-sur-SaÃ´ne', 'Beaune', 'Colmar', 'Lille Flandres', 'AÃ©ropt-C-de-Gaulle-TGV', 'Marne-la-VallÃ©e-Chessy.', 'Montbard', 'Lille Europe', 'Nice-Ville', 'Antibes', 'Cannes', 'St-RaphaÃ«l-Valescure', 'Les Arcs-Draguignan', 'Toulon', 'Paris-Gare-de-Lyon', 'Thionville', 'Valence-TGV', 'NÃ®mes Pont-du-Gard', 'Montpellier-Sud-France']
87300822;Belfort-MontbÃ©liard-TGV;[87212027, 87182063, 87300863, 87713040, 87725689, 87723197, 87775007, 87773002, 87192039, 87214056, 87318964, 87319012, 87751008, 87141002, 87722025, 87725002, 87713545, 87182014, 87286005, 87271494, 87111849, 87713131, 87223263, 87756056, 87757674, 87757625, 87757526, 87755447, 87755009, 87686006, 87191007, 87763029, 87703975, 87688887];['Strasbourg', 'Mulhouse', 'BesanÃ§on-Franche-ComtÃ©', 'Dijon-Ville', 'MÃ¢con-Ville', 'Lyon-Part-Dieu', 'NÃ®mes', 'Montpellier-Saint-Roch', 'Metz-Ville', 'SÃ©lestat', 'Avignon-TGV', 'Aix-en-Provence-TGV', 'Marseille-St-Charles', 'Nancy-Ville', 'Lyon-Perrache', 'Chalon-sur-SaÃ´ne', 'Beaune', 'Colmar', 'Lille Flandres', 'AÃ©ropt-C-de-Gaulle-TGV', 'Marne-la-VallÃ©e-Chessy.', 'Montbard', 'Lille Europe', 'Nice-Ville', 'Antibes', 'Cannes', 'St-RaphaÃ«l-Valescure', 'Les Arcs-Draguignan', 'Toulon', 'Paris-Gare-de-Lyon', 'Thionville', 'Valence-TGV', 'NÃ®mes Pont-du-Gard', 'Montpellier-Sud-France']
87300863;BesanÃ§on-Franche-ComtÃ©;[87212027, 87182063, 87300822, 87713040, 87725689, 87723197, 87775007, 87773002, 87192039, 87214056, 87318964, 87319012, 87751008, 87141002, 87722025, 87725002, 87713545, 87182014, 87286005, 87271494, 87111849, 87713131, 87223263, 87756056, 87757674, 87757625, 87757526, 87755447, 87755009, 87686006, 87718007, 87191007, 87763029, 87703975, 87688887];['Strasbourg', 'Mulhouse', 'Belfort-MontbÃ©liard-TGV', 'Dijon-Ville', 'MÃ¢con-Ville', 'Lyon-Part-Dieu', 'NÃ®mes', 'Montpellier-Saint-Roch', 'Metz-Ville', 'SÃ©lestat', 'Avignon-TGV', 'Aix-en-Provence-TGV', 'Marseille-St-Charles', 'Nancy-Ville', 'Lyon-Perrache', 'Chalon-sur-SaÃ´ne', 'Beaune', 'Colmar', 'Lille Flandres', 'AÃ©ropt-C-de-Gaulle-TGV', 'Marne-la-VallÃ©e-Chessy.', 'Montbard', 'Lille Europe', 'Nice-Ville', 'Antibes', 'Cannes', 'St-RaphaÃ«l-Valescure', 'Les Arcs-Draguignan', 'Toulon', 'Paris-Gare-de-Lyon', 'BesanÃ§on-Viotte', 'Thionville', 'Valence-TGV', 'NÃ®mes Pont-du-Gard', 'Montpellier-Sud-France']
87713040;Dijon-Ville;[87212027, 87182063, 87300822, 87300863, 87725689, 87723197, 87775007, 87773002, 87192039, 87214056, 87318964, 87319012, 87751008, 87141002, 87722025, 87725002, 87713545, 87182014, 87286005, 87271494, 87111849, 87713131, 87223263, 87756056, 87757674, 87757625, 87757526, 87755447, 87755009, 87686006, 87718007, 87713412, 87191007, 87763029, 87703975, 87688887];['Strasbourg', 'Mulhouse', 'Belfort-MontbÃ©liard-TGV', 'BesanÃ§on-Franche-ComtÃ©', 'MÃ¢con-Ville', 'Lyon-Part-Dieu', 'NÃ®mes', 'Montpellier-Saint-Roch', 'Metz-Ville', 'SÃ©lestat', 'Avignon-TGV', 'Aix-en-Provence-TGV', 'Marseille-St-Charles', 'Nancy-Ville', 'Lyon-Perrache', 'Chalon-sur-SaÃ´ne', 'Beaune', 'Colmar', 'Lille Flandres', 'AÃ©ropt-C-de-Gaulle-TGV', 'Marne-la-VallÃ©e-Chessy.', 'Montbard', 'Lille Europe', 'Nice-Ville', 'Antibes', 'Cannes', 'St-RaphaÃ«l-Valescure', 'Les Arcs-Draguignan', 'Toulon', 'Paris-Gare-de-Lyon', 'BesanÃ§on-Viotte', 'Dole-Ville', 'Thionville', 'Valence-TGV', 'NÃ®mes Pont-du-Gard', 'Montpellier-Sud-France']
87725689;MÃ¢con-Ville;[87212027, 87182063, 87300822, 87300863, 87713040, 87723197, 87775007, 87773002, 87192039, 87214056, 87318964, 87319012, 87751008, 87141002, 87722025, 87725002, 87713545, 87182014, 87756056, 87757674, 87757625, 87757526, 87755447, 87755009, 87191007, 87763029, 87703975, 87688887];['Strasbourg', 'Mulhouse', 'Belfort-MontbÃ©liard-TGV', 'BesanÃ§on-Franche-ComtÃ©', 'Dijon-Ville', 'Lyon-Part-Dieu', 'NÃ®mes', 'Montpellier-Saint-Roch', 'Metz-Ville', 'SÃ©lestat', 'Avignon-TGV', 'Aix-en-Provence-TGV', 'Marseille-St-Charles', 'Nancy-Ville', 'Lyon-Perrache', 'Chalon-sur-SaÃ´ne', 'Beaune', 'Colmar', 'Nice-Ville', 'Antibes', 'Cannes', 'St-RaphaÃ«l-Valescure', 'Les Arcs-Draguignan', 'Toulon', 'Thionville', 'Valence-TGV', 'NÃ®mes Pont-du-Gard', 'Montpellier-Sud-France']
87775007;NÃ®mes;[87212027, 87182063, 87300822, 87300863, 87713040, 87725689, 87723197, 87773002, 87192039, 87214056, 87223263, 87271494, 87111849, 87763029, 87286005, 87471003, 87478404, 87393702, 87396002, 87686006, 87784009, 87781104, 87781005, 87781278, 87773200, 87615286, 87611004, 87722025, 87762906, 87182014, 87191007];['Strasbourg', 'Mulhouse', 'Belfort-MontbÃ©liard-TGV', 'BesanÃ§on-Franche-ComtÃ©', 'Dijon-Ville', 'MÃ¢con-Ville', 'Lyon-Part-Dieu', 'Montpellier-Saint-Roch', 'Metz-Ville', 'SÃ©lestat', 'Lille Europe', 'AÃ©ropt-C-de-Gaulle-TGV', 'Marne-la-VallÃ©e-Chessy.', 'Valence-TGV', 'Lille Flandres', 'Rennes', 'Laval', 'Massy-TGV', 'Le Mans', 'Paris-Gare-de-Lyon', 'Perpignan', 'Narbonne', 'BÃ©ziers', 'Agde', 'SÃ¨te', 'Carcassonne', 'Toulouse-Matabiau', 'Lyon-Perrache', 'Lyon-Saint-Exupery-Tgv', 'Colmar', 'Thionville']
87773002;Montpellier-Saint-Roch;[87212027, 87182063, 87300822, 87300863, 87713040, 87725689, 87723197, 87775007, 87192039, 87214056, 87223263, 87271494, 87111849, 87763029, 87286005, 87471003, 87478404, 87393702, 87396002, 87686006, 87784009, 87781104, 87781005, 87781278, 87773200, 87615286, 87611004, 87722025, 87762906, 87182014, 87191007];['Strasbourg', 'Mulhouse', 'Belfort-MontbÃ©liard-TGV', 'BesanÃ§on-Franche-ComtÃ©', 'Dijon-Ville', 'MÃ¢con-Ville', 'Lyon-Part-Dieu', 'NÃ®mes', 'Metz-Ville', 'SÃ©lestat', 'Lille Europe', 'AÃ©ropt-C-de-Gaulle-TGV', 'Marne-la-VallÃ©e-Chessy.', 'Valence-TGV', 'Lille Flandres', 'Rennes', 'Laval', 'Massy-TGV', 'Le Mans', 'Paris-Gare-de-Lyon', 'Perpignan', 'Narbonne', 'BÃ©ziers', 'Agde', 'SÃ¨te', 'Carcassonne', 'Toulouse-Matabiau', 'Lyon-Perrache', 'Lyon-Saint-Exupery-Tgv', 'Colmar', 'Thionville']
87318964;Avignon-TGV;[87212027, 87182063, 87300822, 87300863, 87713040, 87725689, 87723197, 87319012, 87751008, 87141002, 87214056, 87722025, 87725002, 87713545, 87182014, 87763029, 87223263, 87313882, 87271494, 87111849, 87286005, 87755009, 87755447, 87757526, 87757625, 87757674, 87756056, 87342014, 87345009, 87481002, 87484006, 87396002, 87393702, 87413013, 87411017, 87381509, 87393009, 87393579, 87471003, 87478404, 87571240, 87686006, 87762906, 87755629, 87756486, 87286542, 87191007, 87192039];['Strasbourg', 'Mulhouse', 'Belfort-MontbÃ©liard-TGV', 'BesanÃ§on-Franche-ComtÃ©', 'Dijon-Ville', 'MÃ¢con-Ville', 'Lyon-Part-Dieu', 'Aix-en-Provence-TGV', 'Marseille-St-Charles', 'Nancy-Ville', 'SÃ©lestat', 'Lyon-Perrache', 'Chalon-sur-SaÃ´ne', 'Beaune', 'Colmar', 'Valence-TGV', 'Lille Europe', 'TGV Haute-Picardie', 'AÃ©ropt-C-de-Gaulle-TGV', 'Marne-la-VallÃ©e-Chessy.', 'Lille Flandres', 'Toulon', 'Les Arcs-Draguignan', 'St-RaphaÃ«l-Valescure', 'Cannes', 'Antibes', 'Nice-Ville', 'Arras', 'Douai', 'Nantes', 'Angers-St-Laud', 'Le Mans', 'Massy-TGV', 'Le Havre', 'Rouen-Rive-Droite', 'Mantes-la-Jolie', 'Versailles-Chantiers', 'Massy-Palaiseau', 'Rennes', 'Laval', 'St-Pierre-des-Corps', 'Paris-Gare-de-Lyon', 'Lyon-Saint-Exupery-Tgv', 'HyÃ¨res', 'Menton', 'Tourcoing', 'Thionville', 'Metz-Ville']
87319012;Aix-en-Provence-TGV;[87212027, 87182063, 87300822, 87300863, 87713040, 87725689, 87723197, 87318964, 87751008, 87141002, 87214056, 87722025, 87725002, 87713545, 87182014, 87223263, 87313882, 87271494, 87111849, 87286005, 87756056, 87757674, 87757625, 87757526, 87755447, 87755009, 87763029, 87342014, 87345009, 87481002, 87484006, 87396002, 87393702, 87471003, 87478404, 87686006, 87762906, 87755629, 87286542, 87191007, 87192039];['Strasbourg', 'Mulhouse', 'Belfort-MontbÃ©liard-TGV', 'BesanÃ§on-Franche-ComtÃ©', 'Dijon-Ville', 'MÃ¢con-Ville', 'Lyon-Part-Dieu', 'Avignon-TGV', 'Marseille-St-Charles', 'Nancy-Ville', 'SÃ©lestat', 'Lyon-Perrache', 'Chalon-sur-SaÃ´ne', 'Beaune', 'Colmar', 'Lille Europe', 'TGV Haute-Picardie', 'AÃ©ropt-C-de-Gaulle-TGV', 'Marne-la-VallÃ©e-Chessy.', 'Lille Flandres', 'Nice-Ville', 'Antibes', 'Cannes', 'St-RaphaÃ«l-Valescure', 'Les Arcs-Draguignan', 'Toulon', 'Valence-TGV', 'Arras', 'Douai', 'Nantes', 'Angers-St-Laud', 'Le Mans', 'Massy-TGV', 'Rennes', 'Laval', 'Paris-Gare-de-Lyon', 'Lyon-Saint-Exupery-Tgv', 'HyÃ¨res', 'Tourcoing', 'Thionville', 'Metz-Ville']
87751008;Marseille-St-Charles;[87212027, 87182063, 87300822, 87300863, 87713040, 87725689, 87723197, 87318964, 87319012, 87141002, 87214056, 87722025, 87725002, 87713545, 87182014, 87763029, 87223263, 87313882, 87271494, 87111849, 87286005, 87755009, 87755447, 87757526, 87757625, 87757674, 87756056, 87342014, 87345009, 87481002, 87484006, 87396002, 87393702, 87413013, 87411017, 87381509, 87393009, 87393579, 87471003, 87478404, 87571240, 87686006, 87762906, 87755629, 87756486, 87286542, 87191007, 87192039];['Strasbourg', 'Mulhouse', 'Belfort-MontbÃ©liard-TGV', 'BesanÃ§on-Franche-ComtÃ©', 'Dijon-Ville', 'MÃ¢con-Ville', 'Lyon-Part-Dieu', 'Avignon-TGV', 'Aix-en-Provence-TGV', 'Nancy-Ville', 'SÃ©lestat', 'Lyon-Perrache', 'Chalon-sur-SaÃ´ne', 'Beaune', 'Colmar', 'Valence-TGV', 'Lille Europe', 'TGV Haute-Picardie', 'AÃ©ropt-C-de-Gaulle-TGV', 'Marne-la-VallÃ©e-Chessy.', 'Lille Flandres', 'Toulon', 'Les Arcs-Draguignan', 'St-RaphaÃ«l-Valescure', 'Cannes', 'Antibes', 'Nice-Ville', 'Arras', 'Douai', 'Nantes', 'Angers-St-Laud', 'Le Mans', 'Massy-TGV', 'Le Havre', 'Rouen-Rive-Droite', 'Mantes-la-Jolie', 'Versailles-Chantiers', 'Massy-Palaiseau', 'Rennes', 'Laval', 'St-Pierre-des-Corps', 'Paris-Gare-de-Lyon', 'Lyon-Saint-Exupery-Tgv', 'HyÃ¨res', 'Menton', 'Tourcoing', 'Thionville', 'Metz-Ville']
87725002;Chalon-sur-SaÃ´ne;[87751008, 87319012, 87318964, 87722025, 87725689, 87713545, 87713040, 87300863, 87300822, 87182063, 87182014, 87212027, 87756056, 87757674, 87757625, 87757526, 87755447, 87755009, 87141002, 87686006, 87713131, 87723197, 87214056];['Marseille-St-Charles', 'Aix-en-Provence-TGV', 'Avignon-TGV', 'Lyon-Perrache', 'MÃ¢con-Ville', 'Beaune', 'Dijon-Ville', 'BesanÃ§on-Franche-ComtÃ©', 'Belfort-MontbÃ©liard-TGV', 'Mulhouse', 'Colmar', 'Strasbourg', 'Nice-Ville', 'Antibes', 'Cannes', 'St-RaphaÃ«l-Valescure', 'Les Arcs-Draguignan', 'Toulon', 'Nancy-Ville', 'Paris-Gare-de-Lyon', 'Montbard', 'Lyon-Part-Dieu', 'SÃ©lestat']
87763029;Valence-TGV;[87723197, 87318964, 87751008, 87223263, 87313882, 87271494, 87111849, 87703975, 87688887, 87775007, 87773002, 87342014, 87755009, 87755447, 87757526, 87757625, 87757674, 87756056, 87286005, 87319012, 87481002, 87484006, 87487603, 87571240, 87393702, 87396002, 87413013, 87411017, 87381509, 87393009, 87393579, 87471003, 87478404, 87686006, 87784009, 87781104, 87781005, 87781278, 87773200, 87753004, 87753657, 87765008, 87765107, 87762906, 87615286, 87611004, 87722025, 87286542, 87191007, 87192039, 87212027, 87182014, 87182063, 87300822, 87300863, 87713040, 87725689, 87214056];['Lyon-Part-Dieu', 'Avignon-TGV', 'Marseille-St-Charles', 'Lille Europe', 'TGV Haute-Picardie', 'AÃ©ropt-C-de-Gaulle-TGV', 'Marne-la-VallÃ©e-Chessy.', 'NÃ®mes Pont-du-Gard', 'Montpellier-Sud-France', 'NÃ®mes', 'Montpellier-Saint-Roch', 'Arras', 'Toulon', 'Les Arcs-Draguignan', 'St-RaphaÃ«l-Valescure', 'Cannes', 'Antibes', 'Nice-Ville', 'Lille Flandres', 'Aix-en-Provence-TGV', 'Nantes', 'Angers-St-Laud', 'Saumur', 'St-Pierre-des-Corps', 'Massy-TGV', 'Le Mans', 'Le Havre', 'Rouen-Rive-Droite', 'Mantes-la-Jolie', 'Versailles-Chantiers', 'Massy-Palaiseau', 'Rennes', 'Laval', 'Paris-Gare-de-Lyon', 'Perpignan', 'Narbonne', 'BÃ©ziers', 'Agde', 'SÃ¨te', 'Miramas', 'Arles', 'Avignon-Centre', 'Orange', 'Lyon-Saint-Exupery-Tgv', 'Carcassonne', 'Toulouse-Matabiau', 'Lyon-Perrache', 'Tourcoing', 'Thionville', 'Metz-Ville', 'Strasbourg', 'Colmar', 'Mulhouse', 'Belfort-MontbÃ©liard-TGV', 'BesanÃ§on-Franche-ComtÃ©', 'Dijon-Ville', 'MÃ¢con-Ville', 'SÃ©lestat']
87713545;Beaune;[87751008, 87319012, 87318964, 87722025, 87725689, 87725002, 87713040, 87300863, 87300822, 87182063, 87182014, 87212027, 87756056, 87757674, 87757625, 87757526, 87755447, 87755009, 87141002, 87686006, 87713131];['Marseille-St-Charles', 'Aix-en-Provence-TGV', 'Avignon-TGV', 'Lyon-Perrache', 'MÃ¢con-Ville', 'Chalon-sur-SaÃ´ne', 'Dijon-Ville', 'BesanÃ§on-Franche-ComtÃ©', 'Belfort-MontbÃ©liard-TGV', 'Mulhouse', 'Colmar', 'Strasbourg', 'Nice-Ville', 'Antibes', 'Cannes', 'St-RaphaÃ«l-Valescure', 'Les Arcs-Draguignan', 'Toulon', 'Nancy-Ville', 'Paris-Gare-de-Lyon', 'Montbard']
87756056;Nice-Ville;[87223263, 87313882, 87271494, 87111849, 87723197, 87763029, 87318964, 87751008, 87755009, 87755447, 87757526, 87757625, 87757674, 87319012, 87722025, 87725689, 87725002, 87713545, 87713040, 87300863, 87300822, 87182063, 87182014, 87212027, 87141002, 87214056, 87686006, 87756486, 87762906];['Lille Europe', 'TGV Haute-Picardie', 'AÃ©ropt-C-de-Gaulle-TGV', 'Marne-la-VallÃ©e-Chessy.', 'Lyon-Part-Dieu', 'Valence-TGV', 'Avignon-TGV', 'Marseille-St-Charles', 'Toulon', 'Les Arcs-Draguignan', 'St-RaphaÃ«l-Valescure', 'Cannes', 'Antibes', 'Aix-en-Provence-TGV', 'Lyon-Perrache', 'MÃ¢con-Ville', 'Chalon-sur-SaÃ´ne', 'Beaune', 'Dijon-Ville', 'BesanÃ§on-Franche-ComtÃ©', 'Belfort-MontbÃ©liard-TGV', 'Mulhouse', 'Colmar', 'Strasbourg', 'Nancy-Ville', 'SÃ©lestat', 'Paris-Gare-de-Lyon', 'Menton', 'Lyon-Saint-Exupery-Tgv']
87757674;Antibes;[87223263, 87313882, 87271494, 87111849, 87723197, 87763029, 87318964, 87751008, 87755009, 87755447, 87757526, 87757625, 87756056, 87319012, 87722025, 87725689, 87725002, 87713545, 87713040, 87300863, 87300822, 87182063, 87182014, 87212027, 87141002, 87214056, 87686006, 87756486, 87762906];['Lille Europe', 'TGV Haute-Picardie', 'AÃ©ropt-C-de-Gaulle-TGV', 'Marne-la-VallÃ©e-Chessy.', 'Lyon-Part-Dieu', 'Valence-TGV', 'Avignon-TGV', 'Marseille-St-Charles', 'Toulon', 'Les Arcs-Draguignan', 'St-RaphaÃ«l-Valescure', 'Cannes', 'Nice-Ville', 'Aix-en-Provence-TGV', 'Lyon-Perrache', 'MÃ¢con-Ville', 'Chalon-sur-SaÃ´ne', 'Beaune', 'Dijon-Ville', 'BesanÃ§on-Franche-ComtÃ©', 'Belfort-MontbÃ©liard-TGV', 'Mulhouse', 'Colmar', 'Strasbourg', 'Nancy-Ville', 'SÃ©lestat', 'Paris-Gare-de-Lyon', 'Menton', 'Lyon-Saint-Exupery-Tgv']
87757625;Cannes;[87223263, 87313882, 87271494, 87111849, 87723197, 87763029, 87318964, 87751008, 87755009, 87755447, 87757526, 87757674, 87756056, 87319012, 87722025, 87725689, 87725002, 87713545, 87713040, 87300863, 87300822, 87182063, 87182014, 87212027, 87141002, 87214056, 87686006, 87756486, 87762906];['Lille Europe', 'TGV Haute-Picardie', 'AÃ©ropt-C-de-Gaulle-TGV', 'Marne-la-VallÃ©e-Chessy.', 'Lyon-Part-Dieu', 'Valence-TGV', 'Avignon-TGV', 'Marseille-St-Charles', 'Toulon', 'Les Arcs-Draguignan', 'St-RaphaÃ«l-Valescure', 'Antibes', 'Nice-Ville', 'Aix-en-Provence-TGV', 'Lyon-Perrache', 'MÃ¢con-Ville', 'Chalon-sur-SaÃ´ne', 'Beaune', 'Dijon-Ville', 'BesanÃ§on-Franche-ComtÃ©', 'Belfort-MontbÃ©liard-TGV', 'Mulhouse', 'Colmar', 'Strasbourg', 'Nancy-Ville', 'SÃ©lestat', 'Paris-Gare-de-Lyon', 'Menton', 'Lyon-Saint-Exupery-Tgv']
87757526;St-RaphaÃ«l-Valescure;[87223263, 87313882, 87271494, 87111849, 87723197, 87763029, 87318964, 87751008, 87755009, 87755447, 87757625, 87757674, 87756056, 87319012, 87722025, 87725689, 87725002, 87713545, 87713040, 87300863, 87300822, 87182063, 87182014, 87212027, 87141002, 87214056, 87686006, 87756486, 87762906];['Lille Europe', 'TGV Haute-Picardie', 'AÃ©ropt-C-de-Gaulle-TGV', 'Marne-la-VallÃ©e-Chessy.', 'Lyon-Part-Dieu', 'Valence-TGV', 'Avignon-TGV', 'Marseille-St-Charles', 'Toulon', 'Les Arcs-Draguignan', 'Cannes', 'Antibes', 'Nice-Ville', 'Aix-en-Provence-TGV', 'Lyon-Perrache', 'MÃ¢con-Ville', 'Chalon-sur-SaÃ´ne', 'Beaune', 'Dijon-Ville', 'BesanÃ§on-Franche-ComtÃ©', 'Belfort-MontbÃ©liard-TGV', 'Mulhouse', 'Colmar', 'Strasbourg', 'Nancy-Ville', 'SÃ©lestat', 'Paris-Gare-de-Lyon', 'Menton', 'Lyon-Saint-Exupery-Tgv']
87755447;Les Arcs-Draguignan;[87223263, 87313882, 87271494, 87111849, 87723197, 87763029, 87318964, 87751008, 87755009, 87757526, 87757625, 87757674, 87756056, 87319012, 87722025, 87725689, 87725002, 87713545, 87713040, 87300863, 87300822, 87182063, 87182014, 87212027, 87141002, 87214056, 87686006, 87762906];['Lille Europe', 'TGV Haute-Picardie', 'AÃ©ropt-C-de-Gaulle-TGV', 'Marne-la-VallÃ©e-Chessy.', 'Lyon-Part-Dieu', 'Valence-TGV', 'Avignon-TGV', 'Marseille-St-Charles', 'Toulon', 'St-RaphaÃ«l-Valescure', 'Cannes', 'Antibes', 'Nice-Ville', 'Aix-en-Provence-TGV', 'Lyon-Perrache', 'MÃ¢con-Ville', 'Chalon-sur-SaÃ´ne', 'Beaune', 'Dijon-Ville', 'BesanÃ§on-Franche-ComtÃ©', 'Belfort-MontbÃ©liard-TGV', 'Mulhouse', 'Colmar', 'Strasbourg', 'Nancy-Ville', 'SÃ©lestat', 'Paris-Gare-de-Lyon', 'Lyon-Saint-Exupery-Tgv']
87755009;Toulon;[87223263, 87313882, 87271494, 87111849, 87723197, 87763029, 87318964, 87751008, 87755447, 87757526, 87757625, 87757674, 87756056, 87319012, 87722025, 87725689, 87725002, 87713545, 87713040, 87300863, 87300822, 87182063, 87182014, 87212027, 87141002, 87214056, 87686006, 87755629, 87756486, 87762906];['Lille Europe', 'TGV Haute-Picardie', 'AÃ©ropt-C-de-Gaulle-TGV', 'Marne-la-VallÃ©e-Chessy.', 'Lyon-Part-Dieu', 'Valence-TGV', 'Avignon-TGV', 'Marseille-St-Charles', 'Les Arcs-Draguignan', 'St-RaphaÃ«l-Valescure', 'Cannes', 'Antibes', 'Nice-Ville', 'Aix-en-Provence-TGV', 'Lyon-Perrache', 'MÃ¢con-Ville', 'Chalon-sur-SaÃ´ne', 'Beaune', 'Dijon-Ville', 'BesanÃ§on-Franche-ComtÃ©', 'Belfort-MontbÃ©liard-TGV', 'Mulhouse', 'Colmar', 'Strasbourg', 'Nancy-Ville', 'SÃ©lestat', 'Paris-Gare-de-Lyon', 'HyÃ¨res', 'Menton', 'Lyon-Saint-Exupery-Tgv']
87144451;Remiremont;[87113001, 87171926, 87141002, 87144006, 87147322];['Paris-Est', 'Champagne-Ardenne', 'Nancy-Ville', 'Epinal', 'Meuse-TGV']
87144006;Epinal;[87113001, 87171926, 87141002, 87144451, 87147322];['Paris-Est', 'Champagne-Ardenne', 'Nancy-Ville', 'Remiremont', 'Meuse-TGV']
87144014;St-DiÃ©-des-Vosges;[87113001, 87147322, 87141002, 87141150];['Paris-Est', 'Meuse-TGV', 'Nancy-Ville', 'LunÃ©ville']
87141150;LunÃ©ville;[87113001, 87141002, 87215012, 87212225, 87212027, 87147322, 87144014];['Paris-Est', 'Nancy-Ville', 'Sarrebourg', 'Saverne', 'Strasbourg', 'Meuse-TGV', 'St-DiÃ©-des-Vosges']
87212225;Saverne;[87113001, 87141002, 87141150, 87215012, 87212027, 87147322];['Paris-Est', 'Nancy-Ville', 'LunÃ©ville', 'Sarrebourg', 'Strasbourg', 'Meuse-TGV']
87215012;Sarrebourg;[87113001, 87141002, 87141150, 87212225, 87212027, 87147322];['Paris-Est', 'Nancy-Ville', 'LunÃ©ville', 'Saverne', 'Strasbourg', 'Meuse-TGV']
87174003;ChÃ¢lons-en-Champagne;[87113001, 87171926, 87174276, 87175042];['Paris-Est', 'Champagne-Ardenne', 'Vitry-le-FranÃ§ois', 'Bar-le-Duc']
87174276;Vitry-le-FranÃ§ois;[87113001, 87171926, 87174003, 87175042];['Paris-Est', 'Champagne-Ardenne', 'ChÃ¢lons-en-Champagne', 'Bar-le-Duc']
87175042;Bar-le-Duc;[87113001, 87171926, 87174003, 87174276];['Paris-Est', 'Champagne-Ardenne', 'ChÃ¢lons-en-Champagne', 'Vitry-le-FranÃ§ois']
87171009;Reims;[87113001, 87172270, 87172007, 87172254];['Paris-Est', 'Rethel', 'Charleville-MÃ©ziÃ¨res', 'Sedan']
87172270;Rethel;[87113001, 87171009, 87172007, 87172254];['Paris-Est', 'Reims', 'Charleville-MÃ©ziÃ¨res', 'Sedan']
87172007;Charleville-MÃ©ziÃ¨res;[87113001, 87171009, 87172270, 87172254];['Paris-Est', 'Reims', 'Rethel', 'Sedan']
87172254;Sedan;[87113001, 87171009, 87172270, 87172007];['Paris-Est', 'Reims', 'Rethel', 'Charleville-MÃ©ziÃ¨res']
87223263;Lille Europe;[87313882, 87271494, 87111849, 87723197, 87763029, 87318964, 87751008, 87319012, 87703975, 87688887, 87775007, 87773002, 87342014, 87755009, 87755447, 87757526, 87757625, 87757674, 87756056, 87182063, 87300822, 87300863, 87713040, 87713131, 87393702, 87571240, 87575001, 87583005, 87581009, 87396002, 87471003, 87478404, 87171926, 87142109, 87212027, 87281006, 87271007, 87317586, 87281071, 87345009, 87317057, 87317065, 87317263, 87722025, 87484006, 87481002, 87773200, 87781278, 87781005, 87781104, 87784009, 87694109, 87147322];['TGV Haute-Picardie', 'AÃ©ropt-C-de-Gaulle-TGV', 'Marne-la-VallÃ©e-Chessy.', 'Lyon-Part-Dieu', 'Valence-TGV', 'Avignon-TGV', 'Marseille-St-Charles', 'Aix-en-Provence-TGV', 'NÃ®mes Pont-du-Gard', 'Montpellier-Sud-France', 'NÃ®mes', 'Montpellier-Saint-Roch', 'Arras', 'Toulon', 'Les Arcs-Draguignan', 'St-RaphaÃ«l-Valescure', 'Cannes', 'Antibes', 'Nice-Ville', 'Mulhouse', 'Belfort-MontbÃ©liard-TGV', 'BesanÃ§on-Franche-ComtÃ©', 'Dijon-Ville', 'Montbard', 'Massy-TGV', 'St-Pierre-des-Corps', 'Poitiers', 'AngoulÃªme', 'Bordeaux-St-Jean', 'Le Mans', 'Rennes', 'Laval', 'Champagne-Ardenne', 'Lorraine-TGV', 'Strasbourg', 'Dunkerque', 'Paris Gare du Nord', 'Boulogne Ville', 'Calais FrÃ©thun', 'Douai', 'Rang du Fl. Verton Ber.', 'Etaples Le Touquet', 'Calais Ville', 'Lyon-Perrache', 'Angers-St-Laud', 'Nantes', 'SÃ¨te', 'Agde', 'BÃ©ziers', 'Narbonne', 'Perpignan', 'Creusot - TGV (le)', 'Meuse-TGV']
87313882;TGV Haute-Picardie;[87223263, 87271494, 87111849, 87723197, 87763029, 87318964, 87751008, 87319012, 87688887, 87703975, 87342014, 87755009, 87755447, 87757526, 87757625, 87757674, 87756056, 87345009, 87286005, 87722025, 87393702, 87571240, 87575001, 87583005, 87581009, 87396002, 87484006, 87481002, 87478404, 87471003, 87171926, 87142109, 87212027, 87286542, 87762906, 87694109, 87784009, 87781104, 87781005, 87781278, 87773200];['Lille Europe', 'AÃ©ropt-C-de-Gaulle-TGV', 'Marne-la-VallÃ©e-Chessy.', 'Lyon-Part-Dieu', 'Valence-TGV', 'Avignon-TGV', 'Marseille-St-Charles', 'Aix-en-Provence-TGV', 'Montpellier-Sud-France', 'NÃ®mes Pont-du-Gard', 'Arras', 'Toulon', 'Les Arcs-Draguignan', 'St-RaphaÃ«l-Valescure', 'Cannes', 'Antibes', 'Nice-Ville', 'Douai', 'Lille Flandres', 'Lyon-Perrache', 'Massy-TGV', 'St-Pierre-des-Corps', 'Poitiers', 'AngoulÃªme', 'Bordeaux-St-Jean', 'Le Mans', 'Angers-St-Laud', 'Nantes', 'Laval', 'Rennes', 'Champagne-Ardenne', 'Lorraine-TGV', 'Strasbourg', 'Tourcoing', 'Lyon-Saint-Exupery-Tgv', 'Creusot - TGV (le)', 'Perpignan', 'Narbonne', 'BÃ©ziers', 'Agde', 'SÃ¨te']
87271494;AÃ©ropt-C-de-Gaulle-TGV;[87223263, 87313882, 87111849, 87723197, 87763029, 87318964, 87751008, 87319012, 87703975, 87688887, 87286005, 87775007, 87773002, 87393702, 87571240, 87575001, 87583005, 87581009, 87342014, 87755009, 87755447, 87757526, 87757625, 87757674, 87756056, 87713131, 87713040, 87300863, 87300822, 87182063, 87345009, 87722025, 87396002, 87471003, 87484006, 87481002, 87478404, 87171926, 87142109, 87212027, 87286542, 87762906, 87773200, 87781278, 87781005, 87781104, 87784009, 87694109, 87147322];['Lille Europe', 'TGV Haute-Picardie', 'Marne-la-VallÃ©e-Chessy.', 'Lyon-Part-Dieu', 'Valence-TGV', 'Avignon-TGV', 'Marseille-St-Charles', 'Aix-en-Provence-TGV', 'NÃ®mes Pont-du-Gard', 'Montpellier-Sud-France', 'Lille Flandres', 'NÃ®mes', 'Montpellier-Saint-Roch', 'Massy-TGV', 'St-Pierre-des-Corps', 'Poitiers', 'AngoulÃªme', 'Bordeaux-St-Jean', 'Arras', 'Toulon', 'Les Arcs-Draguignan', 'St-RaphaÃ«l-Valescure', 'Cannes', 'Antibes', 'Nice-Ville', 'Montbard', 'Dijon-Ville', 'BesanÃ§on-Franche-ComtÃ©', 'Belfort-MontbÃ©liard-TGV', 'Mulhouse', 'Douai', 'Lyon-Perrache', 'Le Mans', 'Rennes', 'Angers-St-Laud', 'Nantes', 'Laval', 'Champagne-Ardenne', 'Lorraine-TGV', 'Strasbourg', 'Tourcoing', 'Lyon-Saint-Exupery-Tgv', 'SÃ¨te', 'Agde', 'BÃ©ziers', 'Narbonne', 'Perpignan', 'Creusot - TGV (le)', 'Meuse-TGV']
87342014;Arras;[87688887, 87703975, 87763029, 87723197, 87111849, 87271494, 87313882, 87223263, 87751008, 87319012, 87318964, 87345009, 87286005, 87722025, 87393702, 87571240, 87575001, 87583005, 87581009, 87396002, 87484006, 87481002, 87271007, 87343004, 87345025, 87286542, 87286732, 87286716, 87281006, 87286302, 87342006, 87317586, 87281071, 87317057, 87317065, 87317263, 87694109, 87784009, 87781104, 87781005, 87781278, 87773200, 87171926, 87142109, 87212027];['Montpellier-Sud-France', 'NÃ®mes Pont-du-Gard', 'Valence-TGV', 'Lyon-Part-Dieu', 'Marne-la-VallÃ©e-Chessy.', 'AÃ©ropt-C-de-Gaulle-TGV', 'TGV Haute-Picardie', 'Lille Europe', 'Marseille-St-Charles', 'Aix-en-Provence-TGV', 'Avignon-TGV', 'Douai', 'Lille Flandres', 'Lyon-Perrache', 'Massy-TGV', 'St-Pierre-des-Corps', 'Poitiers', 'AngoulÃªme', 'Bordeaux-St-Jean', 'Le Mans', 'Angers-St-Laud', 'Nantes', 'Paris Gare du Nord', 'Valenciennes', 'Lens', 'Tourcoing', 'Roubaix', 'Croix Wasquehal', 'Dunkerque', 'Hazebrouck', 'BÃ©thune', 'Boulogne Ville', 'Calais FrÃ©thun', 'Rang du Fl. Verton Ber.', 'Etaples Le Touquet', 'Calais Ville', 'Creusot - TGV (le)', 'Perpignan', 'Narbonne', 'BÃ©ziers', 'Agde', 'SÃ¨te', 'Champagne-Ardenne', 'Lorraine-TGV', 'Strasbourg']
87703975;NÃ®mes Pont-du-Gard;[87223263, 87271494, 87111849, 87723197, 87763029, 87688887, 87313882, 87342014, 87481002, 87484006, 87487603, 87571240, 87393702, 87396002, 87686006, 87773200, 87781278, 87781005, 87781104, 87784009, 87611004, 87615286, 87722025, 87762906, 87286005, 87286542, 87191007, 87192039, 87212027, 87182014, 87182063, 87300822, 87300863, 87713040, 87725689, 87214056];['Lille Europe', 'AÃ©ropt-C-de-Gaulle-TGV', 'Marne-la-VallÃ©e-Chessy.', 'Lyon-Part-Dieu', 'Valence-TGV', 'Montpellier-Sud-France', 'TGV Haute-Picardie', 'Arras', 'Nantes', 'Angers-St-Laud', 'Saumur', 'St-Pierre-des-Corps', 'Massy-TGV', 'Le Mans', 'Paris-Gare-de-Lyon', 'SÃ¨te', 'Agde', 'BÃ©ziers', 'Narbonne', 'Perpignan', 'Toulouse-Matabiau', 'Carcassonne', 'Lyon-Perrache', 'Lyon-Saint-Exupery-Tgv', 'Lille Flandres', 'Tourcoing', 'Thionville', 'Metz-Ville', 'Strasbourg', 'Colmar', 'Mulhouse', 'Belfort-MontbÃ©liard-TGV', 'BesanÃ§on-Franche-ComtÃ©', 'Dijon-Ville', 'MÃ¢con-Ville', 'SÃ©lestat']
87688887;Montpellier-Sud-France;[87223263, 87271494, 87111849, 87723197, 87763029, 87703975, 87313882, 87342014, 87481002, 87484006, 87487603, 87571240, 87393702, 87396002, 87686006, 87773200, 87781278, 87781005, 87781104, 87784009, 87611004, 87615286, 87722025, 87762906, 87286005, 87286542, 87191007, 87192039, 87212027, 87182014, 87182063, 87300822, 87300863, 87713040, 87725689, 87214056];['Lille Europe', 'AÃ©ropt-C-de-Gaulle-TGV', 'Marne-la-VallÃ©e-Chessy.', 'Lyon-Part-Dieu', 'Valence-TGV', 'NÃ®mes Pont-du-Gard', 'TGV Haute-Picardie', 'Arras', 'Nantes', 'Angers-St-Laud', 'Saumur', 'St-Pierre-des-Corps', 'Massy-TGV', 'Le Mans', 'Paris-Gare-de-Lyon', 'SÃ¨te', 'Agde', 'BÃ©ziers', 'Narbonne', 'Perpignan', 'Toulouse-Matabiau', 'Carcassonne', 'Lyon-Perrache', 'Lyon-Saint-Exupery-Tgv', 'Lille Flandres', 'Tourcoing', 'Thionville', 'Metz-Ville', 'Strasbourg', 'Colmar', 'Mulhouse', 'Belfort-MontbÃ©liard-TGV', 'BesanÃ§on-Franche-ComtÃ©', 'Dijon-Ville', 'MÃ¢con-Ville', 'SÃ©lestat']
87773200;SÃ¨te;[87784009, 87781104, 87781005, 87781278, 87773002, 87775007, 87763029, 87686006, 87703975, 87688887, 87723197, 87615286, 87611004, 87722025, 87223263, 87271494, 87111849, 87313882, 87342014];['Perpignan', 'Narbonne', 'BÃ©ziers', 'Agde', 'Montpellier-Saint-Roch', 'NÃ®mes', 'Valence-TGV', 'Paris-Gare-de-Lyon', 'NÃ®mes Pont-du-Gard', 'Montpellier-Sud-France', 'Lyon-Part-Dieu', 'Carcassonne', 'Toulouse-Matabiau', 'Lyon-Perrache', 'Lille Europe', 'AÃ©ropt-C-de-Gaulle-TGV', 'Marne-la-VallÃ©e-Chessy.', 'TGV Haute-Picardie', 'Arras']
87781278;Agde;[87784009, 87781104, 87781005, 87773200, 87773002, 87775007, 87763029, 87686006, 87703975, 87688887, 87223263, 87271494, 87111849, 87723197, 87313882, 87342014];['Perpignan', 'Narbonne', 'BÃ©ziers', 'SÃ¨te', 'Montpellier-Saint-Roch', 'NÃ®mes', 'Valence-TGV', 'Paris-Gare-de-Lyon', 'NÃ®mes Pont-du-Gard', 'Montpellier-Sud-France', 'Lille Europe', 'AÃ©ropt-C-de-Gaulle-TGV', 'Marne-la-VallÃ©e-Chessy.', 'Lyon-Part-Dieu', 'TGV Haute-Picardie', 'Arras']
87781005;BÃ©ziers;[87784009, 87781104, 87781278, 87773200, 87773002, 87775007, 87763029, 87686006, 87703975, 87688887, 87723197, 87615286, 87611004, 87722025, 87223263, 87271494, 87111849, 87313882, 87342014];['Perpignan', 'Narbonne', 'Agde', 'SÃ¨te', 'Montpellier-Saint-Roch', 'NÃ®mes', 'Valence-TGV', 'Paris-Gare-de-Lyon', 'NÃ®mes Pont-du-Gard', 'Montpellier-Sud-France', 'Lyon-Part-Dieu', 'Carcassonne', 'Toulouse-Matabiau', 'Lyon-Perrache', 'Lille Europe', 'AÃ©ropt-C-de-Gaulle-TGV', 'Marne-la-VallÃ©e-Chessy.', 'TGV Haute-Picardie', 'Arras']
87781104;Narbonne;[87784009, 87781005, 87781278, 87773200, 87773002, 87775007, 87763029, 87686006, 87703975, 87688887, 87723197, 87615286, 87611004, 87722025, 87223263, 87271494, 87111849, 87313882, 87342014];['Perpignan', 'BÃ©ziers', 'Agde', 'SÃ¨te', 'Montpellier-Saint-Roch', 'NÃ®mes', 'Valence-TGV', 'Paris-Gare-de-Lyon', 'NÃ®mes Pont-du-Gard', 'Montpellier-Sud-France', 'Lyon-Part-Dieu', 'Carcassonne', 'Toulouse-Matabiau', 'Lyon-Perrache', 'Lille Europe', 'AÃ©ropt-C-de-Gaulle-TGV', 'Marne-la-VallÃ©e-Chessy.', 'TGV Haute-Picardie', 'Arras']
87784009;Perpignan;[87781104, 87781005, 87781278, 87773200, 87773002, 87775007, 87763029, 87686006, 87703975, 87688887, 87223263, 87271494, 87111849, 87723197, 87313882, 87342014];['Narbonne', 'BÃ©ziers', 'Agde', 'SÃ¨te', 'Montpellier-Saint-Roch', 'NÃ®mes', 'Valence-TGV', 'Paris-Gare-de-Lyon', 'NÃ®mes Pont-du-Gard', 'Montpellier-Sud-France', 'Lille Europe', 'AÃ©ropt-C-de-Gaulle-TGV', 'Marne-la-VallÃ©e-Chessy.', 'Lyon-Part-Dieu', 'TGV Haute-Picardie', 'Arras']
87286005;Lille Flandres;[87271494, 87723197, 87111849, 87393702, 87571240, 87575001, 87583005, 87581009, 87318964, 87319012, 87751008, 87713131, 87713040, 87300863, 87300822, 87182063, 87773002, 87775007, 87763029, 87313882, 87342014, 87345009, 87722025, 87396002, 87471003, 87484006, 87481002, 87271007, 87286542, 87286732, 87286716, 87762906, 87688887, 87703975];['AÃ©ropt-C-de-Gaulle-TGV', 'Lyon-Part-Dieu', 'Marne-la-VallÃ©e-Chessy.', 'Massy-TGV', 'St-Pierre-des-Corps', 'Poitiers', 'AngoulÃªme', 'Bordeaux-St-Jean', 'Avignon-TGV', 'Aix-en-Provence-TGV', 'Marseille-St-Charles', 'Montbard', 'Dijon-Ville', 'BesanÃ§on-Franche-ComtÃ©', 'Belfort-MontbÃ©liard-TGV', 'Mulhouse', 'Montpellier-Saint-Roch', 'NÃ®mes', 'Valence-TGV', 'TGV Haute-Picardie', 'Arras', 'Douai', 'Lyon-Perrache', 'Le Mans', 'Rennes', 'Angers-St-Laud', 'Nantes', 'Paris Gare du Nord', 'Tourcoing', 'Roubaix', 'Croix Wasquehal', 'Lyon-Saint-Exupery-Tgv', 'Montpellier-Sud-France', 'NÃ®mes Pont-du-Gard']
87713131;Montbard;[87286005, 87271494, 87111849, 87713040, 87300863, 87300822, 87182063, 87223263, 87686006, 87718007, 87713412, 87713545, 87725002];['Lille Flandres', 'AÃ©ropt-C-de-Gaulle-TGV', 'Marne-la-VallÃ©e-Chessy.', 'Dijon-Ville', 'BesanÃ§on-Franche-ComtÃ©', 'Belfort-MontbÃ©liard-TGV', 'Mulhouse', 'Lille Europe', 'Paris-Gare-de-Lyon', 'BesanÃ§on-Viotte', 'Dole-Ville', 'Beaune', 'Chalon-sur-SaÃ´ne']
87345009;Douai;[87751008, 87319012, 87318964, 87723197, 87111849, 87271494, 87313882, 87342014, 87286005, 87722025, 87393702, 87571240, 87575001, 87583005, 87581009, 87396002, 87484006, 87481002, 87343004, 87271007, 87345025, 87317586, 87281071, 87223263, 87317263];['Marseille-St-Charles', 'Aix-en-Provence-TGV', 'Avignon-TGV', 'Lyon-Part-Dieu', 'Marne-la-VallÃ©e-Chessy.', 'AÃ©ropt-C-de-Gaulle-TGV', 'TGV Haute-Picardie', 'Arras', 'Lille Flandres', 'Lyon-Perrache', 'Massy-TGV', 'St-Pierre-des-Corps', 'Poitiers', 'AngoulÃªme', 'Bordeaux-St-Jean', 'Le Mans', 'Angers-St-Laud', 'Nantes', 'Valenciennes', 'Paris Gare du Nord', 'Lens', 'Boulogne Ville', 'Calais FrÃ©thun', 'Lille Europe', 'Calais Ville']
87393702;Massy-TGV;[87286005, 87271494, 87111849, 87571240, 87575001, 87583005, 87581009, 87223263, 87345009, 87342014, 87313882, 87396002, 87471003, 87484006, 87481002, 87478404, 87487603, 87723197, 87763029, 87703975, 87688887, 87318964, 87319012, 87751008, 87722025, 87775007, 87773002, 87171926, 87147322, 87142109, 87212027, 87391003, 87286542, 87586008, 87611004, 87673202, 87672006, 87671339, 87671008, 87672253];['Lille Flandres', 'AÃ©ropt-C-de-Gaulle-TGV', 'Marne-la-VallÃ©e-Chessy.', 'St-Pierre-des-Corps', 'Poitiers', 'AngoulÃªme', 'Bordeaux-St-Jean', 'Lille Europe', 'Douai', 'Arras', 'TGV Haute-Picardie', 'Le Mans', 'Rennes', 'Angers-St-Laud', 'Nantes', 'Laval', 'Saumur', 'Lyon-Part-Dieu', 'Valence-TGV', 'NÃ®mes Pont-du-Gard', 'Montpellier-Sud-France', 'Avignon-TGV', 'Aix-en-Provence-TGV', 'Marseille-St-Charles', 'Lyon-Perrache', 'NÃ®mes', 'Montpellier-Saint-Roch', 'Champagne-Ardenne', 'Meuse-TGV', 'Lorraine-TGV', 'Strasbourg', 'Paris-Montparnasse 1-2', 'Tourcoing', 'Agen', 'Toulouse-Matabiau', 'Dax', 'Pau', 'Lourdes', 'Tarbes', 'Orthez']
87571240;St-Pierre-des-Corps;[87286005, 87271494, 87111849, 87393702, 87575001, 87583005, 87581009, 87223263, 87345009, 87342014, 87313882, 87484006, 87481002, 87487603, 87723197, 87763029, 87703975, 87688887, 87722025, 87751008, 87318964, 87171926, 87147322, 87142109, 87212027, 87391003, 87286542, 87571216, 87575142, 87571000, 87324095, 87485003, 87485227, 87485300, 87485490, 87582668, 87582643, 87582478, 87584052];['Lille Flandres', 'AÃ©ropt-C-de-Gaulle-TGV', 'Marne-la-VallÃ©e-Chessy.', 'Massy-TGV', 'Poitiers', 'AngoulÃªme', 'Bordeaux-St-Jean', 'Lille Europe', 'Douai', 'Arras', 'TGV Haute-Picardie', 'Angers-St-Laud', 'Nantes', 'Saumur', 'Lyon-Part-Dieu', 'Valence-TGV', 'NÃ®mes Pont-du-Gard', 'Montpellier-Sud-France', 'Lyon-Perrache', 'Marseille-St-Charles', 'Avignon-TGV', 'Champagne-Ardenne', 'Meuse-TGV', 'Lorraine-TGV', 'Strasbourg', 'Paris-Montparnasse 1-2', 'Tourcoing', 'VendÃ´me-Villiers-s-Loir', 'Chatellerault', 'Tours', 'Futuroscope', 'La Rochelle-Ville', 'SurgÃ¨res', 'Niort', 'St-Maixent (Deux-SÃ¨vr.)', 'Arcachon', 'La Teste', 'Biganos-Facture', 'Libourne']
87575001;Poitiers;[87286005, 87271494, 87111849, 87393702, 87571240, 87583005, 87581009, 87223263, 87345009, 87342014, 87313882, 87171926, 87147322, 87142109, 87212027, 87391003, 87286542, 87575142, 87571216, 87324095, 87485003, 87485227, 87485300, 87485490, 87584052];['Lille Flandres', 'AÃ©ropt-C-de-Gaulle-TGV', 'Marne-la-VallÃ©e-Chessy.', 'Massy-TGV', 'St-Pierre-des-Corps', 'AngoulÃªme', 'Bordeaux-St-Jean', 'Lille Europe', 'Douai', 'Arras', 'TGV Haute-Picardie', 'Champagne-Ardenne', 'Meuse-TGV', 'Lorraine-TGV', 'Strasbourg', 'Paris-Montparnasse 1-2', 'Tourcoing', 'Chatellerault', 'VendÃ´me-Villiers-s-Loir', 'Futuroscope', 'La Rochelle-Ville', 'SurgÃ¨res', 'Niort', 'St-Maixent (Deux-SÃ¨vr.)', 'Libourne']
87583005;AngoulÃªme;[87286005, 87271494, 87111849, 87393702, 87571240, 87575001, 87581009, 87223263, 87345009, 87342014, 87313882, 87171926, 87147322, 87142109, 87212027, 87391003, 87286542, 87571216, 87575142, 87582668, 87582643, 87582478, 87584052];['Lille Flandres', 'AÃ©ropt-C-de-Gaulle-TGV', 'Marne-la-VallÃ©e-Chessy.', 'Massy-TGV', 'St-Pierre-des-Corps', 'Poitiers', 'Bordeaux-St-Jean', 'Lille Europe', 'Douai', 'Arras', 'TGV Haute-Picardie', 'Champagne-Ardenne', 'Meuse-TGV', 'Lorraine-TGV', 'Strasbourg', 'Paris-Montparnasse 1-2', 'Tourcoing', 'VendÃ´me-Villiers-s-Loir', 'Chatellerault', 'Arcachon', 'La Teste', 'Biganos-Facture', 'Libourne']
87581009;Bordeaux-St-Jean;[87286005, 87271494, 87111849, 87393702, 87571240, 87575001, 87583005, 87223263, 87345009, 87342014, 87313882, 87171926, 87147322, 87142109, 87212027, 87391003, 87286542, 87586008, 87611244, 87611004, 87673202, 87673004, 87673400, 87677120, 87677005, 87571216, 87575142, 87582668, 87582478, 87582643, 87584052, 87671008, 87671339, 87672006, 87672253];['Lille Flandres', 'AÃ©ropt-C-de-Gaulle-TGV', 'Marne-la-VallÃ©e-Chessy.', 'Massy-TGV', 'St-Pierre-des-Corps', 'Poitiers', 'AngoulÃªme', 'Lille Europe', 'Douai', 'Arras', 'TGV Haute-Picardie', 'Champagne-Ardenne', 'Meuse-TGV', 'Lorraine-TGV', 'Strasbourg', 'Paris-Montparnasse 1-2', 'Tourcoing', 'Agen', 'Montauban-Ville-Bourbon', 'Toulouse-Matabiau', 'Dax', 'Bayonne', 'Biarritz', 'St-Jean-de-Luz-Ciboure', 'Hendaye', 'VendÃ´me-Villiers-s-Loir', 'Chatellerault', 'Arcachon', 'Biganos-Facture', 'La Teste', 'Libourne', 'Tarbes', 'Lourdes', 'Pau', 'Orthez']
87396002;Le Mans;[87223263, 87271494, 87111849, 87393702, 87471003, 87286005, 87342014, 87313882, 87484006, 87481002, 87345009, 87478404, 87723197, 87318964, 87319012, 87751008, 87722025, 87763029, 87703975, 87688887, 87775007, 87773002, 87212027, 87142109, 87171926, 87391003, 87471508, 87478107, 87478073, 87473108, 87473009, 87473207, 87474338, 87474007, 87476002, 87476606, 87471300, 87476200, 87396408, 87481192, 87481788, 87481754, 87481705, 87481747, 87481762, 87486449, 87486019];"['Lille Europe', 'AÃ©ropt-C-de-Gaulle-TGV', 'Marne-la-VallÃ©e-Chessy.', 'Massy-TGV', 'Rennes', 'Lille Flandres', 'Arras', 'TGV Haute-Picardie', 'Angers-St-Laud', 'Nantes', 'Douai', 'Laval', 'Lyon-Part-Dieu', 'Avignon-TGV', 'Aix-en-Provence-TGV', 'Marseille-St-Charles', 'Lyon-Perrache', 'Valence-TGV', 'NÃ®mes Pont-du-Gard', 'Montpellier-Sud-France', 'NÃ®mes', 'Montpellier-Saint-Roch', 'Strasbourg', 'Lorraine-TGV', 'Champagne-Ardenne', 'Paris-Montparnasse 1-2', 'VitrÃ©', 'St-Malo', 'Dol', 'Lamballe', 'St-Brieuc', 'Guingamp', 'Morlaix', 'Brest', 'Lorient', 'Vannes', 'Redon', 'Auray', 'SablÃ©-sur-Sarthe', 'Ancenis', 'Le Croisic', 'La Baule-Escoublac', 'St-Nazaire', 'Pornichet', 'Le Pouliguen', ""Les Sables-d'Olonne"", 'La Roche-sur-Yon']"
87484006;Angers-St-Laud;[87286005, 87342014, 87313882, 87271494, 87111849, 87393702, 87396002, 87481002, 87345009, 87571240, 87487603, 87723197, 87763029, 87703975, 87688887, 87318964, 87319012, 87751008, 87722025, 87171926, 87142109, 87212027, 87391003, 87396408, 87481192, 87481705, 87481788, 87481754, 87481747, 87481762, 87486449, 87486019, 87223263];"['Lille Flandres', 'Arras', 'TGV Haute-Picardie', 'AÃ©ropt-C-de-Gaulle-TGV', 'Marne-la-VallÃ©e-Chessy.', 'Massy-TGV', 'Le Mans', 'Nantes', 'Douai', 'St-Pierre-des-Corps', 'Saumur', 'Lyon-Part-Dieu', 'Valence-TGV', 'NÃ®mes Pont-du-Gard', 'Montpellier-Sud-France', 'Avignon-TGV', 'Aix-en-Provence-TGV', 'Marseille-St-Charles', 'Lyon-Perrache', 'Champagne-Ardenne', 'Lorraine-TGV', 'Strasbourg', 'Paris-Montparnasse 1-2', 'SablÃ©-sur-Sarthe', 'Ancenis', 'St-Nazaire', 'Le Croisic', 'La Baule-Escoublac', 'Pornichet', 'Le Pouliguen', ""Les Sables-d'Olonne"", 'La Roche-sur-Yon', 'Lille Europe']"
87481002;Nantes;[87286005, 87342014, 87313882, 87271494, 87111849, 87393702, 87396002, 87484006, 87345009, 87571240, 87487603, 87723197, 87763029, 87703975, 87688887, 87318964, 87319012, 87751008, 87722025, 87171926, 87142109, 87212027, 87391003, 87396408, 87481192, 87481705, 87481788, 87481754, 87481762, 87481747, 87486449, 87486019, 87223263];"['Lille Flandres', 'Arras', 'TGV Haute-Picardie', 'AÃ©ropt-C-de-Gaulle-TGV', 'Marne-la-VallÃ©e-Chessy.', 'Massy-TGV', 'Le Mans', 'Angers-St-Laud', 'Douai', 'St-Pierre-des-Corps', 'Saumur', 'Lyon-Part-Dieu', 'Valence-TGV', 'NÃ®mes Pont-du-Gard', 'Montpellier-Sud-France', 'Avignon-TGV', 'Aix-en-Provence-TGV', 'Marseille-St-Charles', 'Lyon-Perrache', 'Champagne-Ardenne', 'Lorraine-TGV', 'Strasbourg', 'Paris-Montparnasse 1-2', 'SablÃ©-sur-Sarthe', 'Ancenis', 'St-Nazaire', 'Le Croisic', 'La Baule-Escoublac', 'Le Pouliguen', 'Pornichet', ""Les Sables-d'Olonne"", 'La Roche-sur-Yon', 'Lille Europe']"
87471003;Rennes;[87223263, 87271494, 87111849, 87393702, 87396002, 87286005, 87313882, 87478404, 87723197, 87318964, 87751008, 87319012, 87763029, 87775007, 87773002, 87722025, 87171926, 87142109, 87212027, 87391003, 87471508, 87478107, 87478073, 87473009, 87473207, 87474338, 87474007, 87476606, 87474098, 87476002, 87476200, 87471300, 87473108, 87474239, 87473181, 87473223, 87474155, 87476317];['Lille Europe', 'AÃ©ropt-C-de-Gaulle-TGV', 'Marne-la-VallÃ©e-Chessy.', 'Massy-TGV', 'Le Mans', 'Lille Flandres', 'TGV Haute-Picardie', 'Laval', 'Lyon-Part-Dieu', 'Avignon-TGV', 'Marseille-St-Charles', 'Aix-en-Provence-TGV', 'Valence-TGV', 'NÃ®mes', 'Montpellier-Saint-Roch', 'Lyon-Perrache', 'Champagne-Ardenne', 'Lorraine-TGV', 'Strasbourg', 'Paris-Montparnasse 1-2', 'VitrÃ©', 'St-Malo', 'Dol', 'St-Brieuc', 'Guingamp', 'Morlaix', 'Brest', 'Vannes', 'Quimper', 'Lorient', 'Auray', 'Redon', 'Lamballe', 'Landerneau', 'Plouaret-TrÃ©gor', 'Lannion', 'Rosporden', 'QuimperlÃ©']
87478404;Laval;[87223263, 87313882, 87271494, 87111849, 87393702, 87396002, 87471003, 87723197, 87763029, 87775007, 87773002, 87722025, 87318964, 87319012, 87751008, 87391003, 87471508, 87478107, 87478073, 87474007, 87474338, 87473207, 87473009, 87473108, 87474098, 87476002, 87476200, 87476606, 87471300, 87474155];['Lille Europe', 'TGV Haute-Picardie', 'AÃ©ropt-C-de-Gaulle-TGV', 'Marne-la-VallÃ©e-Chessy.', 'Massy-TGV', 'Le Mans', 'Rennes', 'Lyon-Part-Dieu', 'Valence-TGV', 'NÃ®mes', 'Montpellier-Saint-Roch', 'Lyon-Perrache', 'Avignon-TGV', 'Aix-en-Provence-TGV', 'Marseille-St-Charles', 'Paris-Montparnasse 1-2', 'VitrÃ©', 'St-Malo', 'Dol', 'Brest', 'Morlaix', 'Guingamp', 'St-Brieuc', 'Lamballe', 'Quimper', 'Lorient', 'Auray', 'Vannes', 'Redon', 'Rosporden']
87413013;Le Havre;[87411017, 87381509, 87393009, 87393579, 87723197, 87763029, 87318964, 87751008];['Rouen-Rive-Droite', 'Mantes-la-Jolie', 'Versailles-Chantiers', 'Massy-Palaiseau', 'Lyon-Part-Dieu', 'Valence-TGV', 'Avignon-TGV', 'Marseille-St-Charles']
87411017;Rouen-Rive-Droite;[87413013, 87381509, 87393009, 87393579, 87723197, 87763029, 87318964, 87751008];['Le Havre', 'Mantes-la-Jolie', 'Versailles-Chantiers', 'Massy-Palaiseau', 'Lyon-Part-Dieu', 'Valence-TGV', 'Avignon-TGV', 'Marseille-St-Charles']
87381509;Mantes-la-Jolie;[87413013, 87411017, 87393009, 87393579, 87723197, 87763029, 87318964, 87751008];['Le Havre', 'Rouen-Rive-Droite', 'Versailles-Chantiers', 'Massy-Palaiseau', 'Lyon-Part-Dieu', 'Valence-TGV', 'Avignon-TGV', 'Marseille-St-Charles']
87393009;Versailles-Chantiers;[87413013, 87411017, 87381509, 87393579, 87723197, 87763029, 87318964, 87751008];['Le Havre', 'Rouen-Rive-Droite', 'Mantes-la-Jolie', 'Massy-Palaiseau', 'Lyon-Part-Dieu', 'Valence-TGV', 'Avignon-TGV', 'Marseille-St-Charles']
87393579;Massy-Palaiseau;[87413013, 87411017, 87381509, 87393009, 87723197, 87763029, 87318964, 87751008];['Le Havre', 'Rouen-Rive-Droite', 'Mantes-la-Jolie', 'Versailles-Chantiers', 'Lyon-Part-Dieu', 'Valence-TGV', 'Avignon-TGV', 'Marseille-St-Charles']
87487603;Saumur;[87481002, 87484006, 87571240, 87393702, 87723197, 87763029, 87703975, 87688887, 87722025];['Nantes', 'Angers-St-Laud', 'St-Pierre-des-Corps', 'Massy-TGV', 'Lyon-Part-Dieu', 'Valence-TGV', 'NÃ®mes Pont-du-Gard', 'Montpellier-Sud-France', 'Lyon-Perrache']
87142109;Lorraine-TGV;[87223263, 87313882, 87271494, 87171926, 87212027, 87581009, 87583005, 87575001, 87571240, 87393702, 87111849, 87147322, 87471003, 87396002, 87481002, 87484006, 87113001, 87342014];['Lille Europe', 'TGV Haute-Picardie', 'AÃ©ropt-C-de-Gaulle-TGV', 'Champagne-Ardenne', 'Strasbourg', 'Bordeaux-St-Jean', 'AngoulÃªme', 'Poitiers', 'St-Pierre-des-Corps', 'Massy-TGV', 'Marne-la-VallÃ©e-Chessy.', 'Meuse-TGV', 'Rennes', 'Le Mans', 'Nantes', 'Angers-St-Laud', 'Paris-Est', 'Arras']
87686006;Paris-Gare-de-Lyon;[87751008, 87319012, 87318964, 87773002, 87775007, 87763029, 87784009, 87781104, 87781005, 87781278, 87773200, 87688887, 87703975, 87756056, 87757674, 87757625, 87757526, 87755009, 87762906, 87755629, 87755447, 87756486, 87761007, 87764001, 87765107, 87765008, 87753657, 87753004, 87725705, 87741009, 87741306, 87742320, 87742361, 87742007, 87741645, 87741728, 87741769, 87741777, 87741793, 87743005, 87745000, 87745497, 87746370, 87746438, 87746479, 87745646, 87745679, 87694109, 87723197, 87722025, 87726000, 87182063, 87300822, 87300863, 87713040, 87713131, 87718007, 87713412, 87713545, 87725002, 87747006, 87741132, 87746008];['Marseille-St-Charles', 'Aix-en-Provence-TGV', 'Avignon-TGV', 'Montpellier-Saint-Roch', 'NÃ®mes', 'Valence-TGV', 'Perpignan', 'Narbonne', 'BÃ©ziers', 'Agde', 'SÃ¨te', 'Montpellier-Sud-France', 'NÃ®mes Pont-du-Gard', 'Nice-Ville', 'Antibes', 'Cannes', 'St-RaphaÃ«l-Valescure', 'Toulon', 'Lyon-Saint-Exupery-Tgv', 'HyÃ¨res', 'Les Arcs-Draguignan', 'Menton', 'Valence-Ville', 'MontÃ©limar', 'Orange', 'Avignon-Centre', 'Arles', 'Miramas', 'MÃ¢con-LochÃ©-TGV', 'ChambÃ©ry-Chal.-les-Eaux', 'St-Avre-la-Chambre', 'St-Jean-de-Maurienne-A.', 'St-Michel-Valloire', 'Modane', 'Albertville', 'MoÃ»tiers-Salins-Brides', 'Aime-la-Plagne', 'Landry', 'Bourg-St-Maurice', 'Bourg-en-Bresse', 'Bellegarde-s-V. Gare', 'Annemasse', 'Cluses (Hte-Savoie)', 'Sallanches-Comb.MegÃ¨ve', 'St-Gervais-L-B-Le-Fayet', 'Thonon-les-Bains', 'Evian-les-Bains', 'Creusot - TGV (le)', 'Lyon-Part-Dieu', 'Lyon-Perrache', 'St-Etienne-ChÃ¢teaucreux', 'Mulhouse', 'Belfort-MontbÃ©liard-TGV', 'BesanÃ§on-Franche-ComtÃ©', 'Dijon-Ville', 'Montbard', 'BesanÃ§on-Viotte', 'Dole-Ville', 'Beaune', 'Chalon-sur-SaÃ´ne', 'Grenoble', 'Aix-les-Bains-le-Revard', 'Annecy']
87755629;HyÃ¨res;[87755009, 87751008, 87319012, 87318964, 87686006];['Toulon', 'Marseille-St-Charles', 'Aix-en-Provence-TGV', 'Avignon-TGV', 'Paris-Gare-de-Lyon']
87762906;Lyon-Saint-Exupery-Tgv;[87686006, 87318964, 87319012, 87751008, 87761007, 87764001, 87765107, 87765008, 87753657, 87753004, 87763029, 87747006, 87741009, 87741132, 87746008, 87271494, 87111849, 87286005, 87313882, 87755009, 87757526, 87757625, 87757674, 87756056, 87755447, 87688887, 87703975, 87773002, 87775007, 87742007, 87742320];['Paris-Gare-de-Lyon', 'Avignon-TGV', 'Aix-en-Provence-TGV', 'Marseille-St-Charles', 'Valence-Ville', 'MontÃ©limar', 'Orange', 'Avignon-Centre', 'Arles', 'Miramas', 'Valence-TGV', 'Grenoble', 'ChambÃ©ry-Chal.-les-Eaux', 'Aix-les-Bains-le-Revard', 'Annecy', 'AÃ©ropt-C-de-Gaulle-TGV', 'Marne-la-VallÃ©e-Chessy.', 'Lille Flandres', 'TGV Haute-Picardie', 'Toulon', 'St-RaphaÃ«l-Valescure', 'Cannes', 'Antibes', 'Nice-Ville', 'Les Arcs-Draguignan', 'Montpellier-Sud-France', 'NÃ®mes Pont-du-Gard', 'Montpellier-Saint-Roch', 'NÃ®mes', 'Modane', 'St-Jean-de-Maurienne-A.']
87756486;Menton;[87756056, 87757674, 87757625, 87757526, 87755009, 87751008, 87686006, 87318964];['Nice-Ville', 'Antibes', 'Cannes', 'St-RaphaÃ«l-Valescure', 'Toulon', 'Marseille-St-Charles', 'Paris-Gare-de-Lyon', 'Avignon-TGV']
87761007;Valence-Ville;[87686006, 87762906, 87764001, 87765107, 87765008, 87753657, 87753004, 87725705];['Paris-Gare-de-Lyon', 'Lyon-Saint-Exupery-Tgv', 'MontÃ©limar', 'Orange', 'Avignon-Centre', 'Arles', 'Miramas', 'MÃ¢con-LochÃ©-TGV']
87764001;MontÃ©limar;[87686006, 87762906, 87761007, 87765107, 87765008, 87753657, 87753004, 87725705];['Paris-Gare-de-Lyon', 'Lyon-Saint-Exupery-Tgv', 'Valence-Ville', 'Orange', 'Avignon-Centre', 'Arles', 'Miramas', 'MÃ¢con-LochÃ©-TGV']
87765107;Orange;[87686006, 87762906, 87761007, 87764001, 87765008, 87753657, 87753004, 87763029, 87725705];['Paris-Gare-de-Lyon', 'Lyon-Saint-Exupery-Tgv', 'Valence-Ville', 'MontÃ©limar', 'Avignon-Centre', 'Arles', 'Miramas', 'Valence-TGV', 'MÃ¢con-LochÃ©-TGV']
87765008;Avignon-Centre;[87686006, 87762906, 87761007, 87764001, 87765107, 87753657, 87753004, 87763029, 87725705];['Paris-Gare-de-Lyon', 'Lyon-Saint-Exupery-Tgv', 'Valence-Ville', 'MontÃ©limar', 'Orange', 'Arles', 'Miramas', 'Valence-TGV', 'MÃ¢con-LochÃ©-TGV']
87753657;Arles;[87686006, 87762906, 87761007, 87764001, 87765107, 87765008, 87753004, 87763029, 87725705];['Paris-Gare-de-Lyon', 'Lyon-Saint-Exupery-Tgv', 'Valence-Ville', 'MontÃ©limar', 'Orange', 'Avignon-Centre', 'Miramas', 'Valence-TGV', 'MÃ¢con-LochÃ©-TGV']
87753004;Miramas;[87686006, 87762906, 87761007, 87764001, 87765107, 87765008, 87753657, 87763029, 87725705];['Paris-Gare-de-Lyon', 'Lyon-Saint-Exupery-Tgv', 'Valence-Ville', 'MontÃ©limar', 'Orange', 'Avignon-Centre', 'Arles', 'Valence-TGV', 'MÃ¢con-LochÃ©-TGV']
87725705;MÃ¢con-LochÃ©-TGV;[87753004, 87753657, 87765008, 87765107, 87764001, 87761007, 87686006, 87743005, 87741009, 87741645, 87741728, 87741769, 87741777, 87741793, 87746479, 87746438, 87746370, 87745497, 87745000, 87745679, 87745646, 87722025, 87723197, 87694109, 87726000, 87741132, 87746008, 87742007, 87742320];['Miramas', 'Arles', 'Avignon-Centre', 'Orange', 'MontÃ©limar', 'Valence-Ville', 'Paris-Gare-de-Lyon', 'Bourg-en-Bresse', 'ChambÃ©ry-Chal.-les-Eaux', 'Albertville', 'MoÃ»tiers-Salins-Brides', 'Aime-la-Plagne', 'Landry', 'Bourg-St-Maurice', 'St-Gervais-L-B-Le-Fayet', 'Sallanches-Comb.MegÃ¨ve', 'Cluses (Hte-Savoie)', 'Annemasse', 'Bellegarde-s-V. Gare', 'Evian-les-Bains', 'Thonon-les-Bains', 'Lyon-Perrache', 'Lyon-Part-Dieu', 'Creusot - TGV (le)', 'St-Etienne-ChÃ¢teaucreux', 'Aix-les-Bains-le-Revard', 'Annecy', 'Modane', 'St-Jean-de-Maurienne-A.']
87743005;Bourg-en-Bresse;[87741793, 87741777, 87741769, 87741728, 87741645, 87741009, 87686006, 87725705];['Bourg-St-Maurice', 'Landry', 'Aime-la-Plagne', 'MoÃ»tiers-Salins-Brides', 'Albertville', 'ChambÃ©ry-Chal.-les-Eaux', 'Paris-Gare-de-Lyon', 'MÃ¢con-LochÃ©-TGV']
87741009;ChambÃ©ry-Chal.-les-Eaux;[87686006, 87741306, 87742320, 87742361, 87742007, 87741645, 87741728, 87741769, 87741777, 87741793, 87743005, 87725705, 87741132, 87746008, 87762906, 87723197];['Paris-Gare-de-Lyon', 'St-Avre-la-Chambre', 'St-Jean-de-Maurienne-A.', 'St-Michel-Valloire', 'Modane', 'Albertville', 'MoÃ»tiers-Salins-Brides', 'Aime-la-Plagne', 'Landry', 'Bourg-St-Maurice', 'Bourg-en-Bresse', 'MÃ¢con-LochÃ©-TGV', 'Aix-les-Bains-le-Revard', 'Annecy', 'Lyon-Saint-Exupery-Tgv', 'Lyon-Part-Dieu']
87741645;Albertville;[87686006, 87741009, 87741728, 87741769, 87741777, 87741793, 87743005, 87725705];['Paris-Gare-de-Lyon', 'ChambÃ©ry-Chal.-les-Eaux', 'MoÃ»tiers-Salins-Brides', 'Aime-la-Plagne', 'Landry', 'Bourg-St-Maurice', 'Bourg-en-Bresse', 'MÃ¢con-LochÃ©-TGV']
87741728;MoÃ»tiers-Salins-Brides;[87686006, 87741009, 87741645, 87741769, 87741777, 87741793, 87743005, 87725705];['Paris-Gare-de-Lyon', 'ChambÃ©ry-Chal.-les-Eaux', 'Albertville', 'Aime-la-Plagne', 'Landry', 'Bourg-St-Maurice', 'Bourg-en-Bresse', 'MÃ¢con-LochÃ©-TGV']
87741769;Aime-la-Plagne;[87686006, 87741009, 87741645, 87741728, 87741777, 87741793, 87743005, 87725705];['Paris-Gare-de-Lyon', 'ChambÃ©ry-Chal.-les-Eaux', 'Albertville', 'MoÃ»tiers-Salins-Brides', 'Landry', 'Bourg-St-Maurice', 'Bourg-en-Bresse', 'MÃ¢con-LochÃ©-TGV']
87741777;Landry;[87686006, 87741009, 87741645, 87741728, 87741769, 87741793, 87743005, 87725705];['Paris-Gare-de-Lyon', 'ChambÃ©ry-Chal.-les-Eaux', 'Albertville', 'MoÃ»tiers-Salins-Brides', 'Aime-la-Plagne', 'Bourg-St-Maurice', 'Bourg-en-Bresse', 'MÃ¢con-LochÃ©-TGV']
87741793;Bourg-St-Maurice;[87686006, 87741009, 87741645, 87741728, 87741769, 87741777, 87743005, 87725705];['Paris-Gare-de-Lyon', 'ChambÃ©ry-Chal.-les-Eaux', 'Albertville', 'MoÃ»tiers-Salins-Brides', 'Aime-la-Plagne', 'Landry', 'Bourg-en-Bresse', 'MÃ¢con-LochÃ©-TGV']
87745000;Bellegarde-s-V. Gare;[87686006, 87745497, 87746370, 87746438, 87746479, 87725705, 87745646, 87745679];['Paris-Gare-de-Lyon', 'Annemasse', 'Cluses (Hte-Savoie)', 'Sallanches-Comb.MegÃ¨ve', 'St-Gervais-L-B-Le-Fayet', 'MÃ¢con-LochÃ©-TGV', 'Thonon-les-Bains', 'Evian-les-Bains']
87745497;Annemasse;[87686006, 87745000, 87746370, 87746438, 87746479, 87725705, 87745646, 87745679];['Paris-Gare-de-Lyon', 'Bellegarde-s-V. Gare', 'Cluses (Hte-Savoie)', 'Sallanches-Comb.MegÃ¨ve', 'St-Gervais-L-B-Le-Fayet', 'MÃ¢con-LochÃ©-TGV', 'Thonon-les-Bains', 'Evian-les-Bains']
87745646;Thonon-les-Bains;[87686006, 87745000, 87745497, 87745679, 87725705];['Paris-Gare-de-Lyon', 'Bellegarde-s-V. Gare', 'Annemasse', 'Evian-les-Bains', 'MÃ¢con-LochÃ©-TGV']
87745679;Evian-les-Bains;[87686006, 87745000, 87745497, 87745646, 87725705];['Paris-Gare-de-Lyon', 'Bellegarde-s-V. Gare', 'Annemasse', 'Thonon-les-Bains', 'MÃ¢con-LochÃ©-TGV']
87741306;St-Avre-la-Chambre;[87686006, 87741009, 87742320, 87742361, 87742007];['Paris-Gare-de-Lyon', 'ChambÃ©ry-Chal.-les-Eaux', 'St-Jean-de-Maurienne-A.', 'St-Michel-Valloire', 'Modane']
87742320;St-Jean-de-Maurienne-A.;[87686006, 87741009, 87741306, 87742361, 87742007, 87725705, 87762906];['Paris-Gare-de-Lyon', 'ChambÃ©ry-Chal.-les-Eaux', 'St-Avre-la-Chambre', 'St-Michel-Valloire', 'Modane', 'MÃ¢con-LochÃ©-TGV', 'Lyon-Saint-Exupery-Tgv']
87742361;St-Michel-Valloire;[87686006, 87741009, 87741306, 87742320, 87742007];['Paris-Gare-de-Lyon', 'ChambÃ©ry-Chal.-les-Eaux', 'St-Avre-la-Chambre', 'St-Jean-de-Maurienne-A.', 'Modane']
87742007;Modane;[87686006, 87741009, 87741306, 87742320, 87742361, 87725705, 87723197, 87762906, 87741132, 87747006];['Paris-Gare-de-Lyon', 'ChambÃ©ry-Chal.-les-Eaux', 'St-Avre-la-Chambre', 'St-Jean-de-Maurienne-A.', 'St-Michel-Valloire', 'MÃ¢con-LochÃ©-TGV', 'Lyon-Part-Dieu', 'Lyon-Saint-Exupery-Tgv', 'Aix-les-Bains-le-Revard', 'Grenoble']
87746479;St-Gervais-L-B-Le-Fayet;[87686006, 87745000, 87745497, 87746370, 87746438, 87725705];['Paris-Gare-de-Lyon', 'Bellegarde-s-V. Gare', 'Annemasse', 'Cluses (Hte-Savoie)', 'Sallanches-Comb.MegÃ¨ve', 'MÃ¢con-LochÃ©-TGV']
87746438;Sallanches-Comb.MegÃ¨ve;[87686006, 87745000, 87745497, 87746370, 87746479, 87725705];['Paris-Gare-de-Lyon', 'Bellegarde-s-V. Gare', 'Annemasse', 'Cluses (Hte-Savoie)', 'St-Gervais-L-B-Le-Fayet', 'MÃ¢con-LochÃ©-TGV']
87746370;Cluses (Hte-Savoie);[87686006, 87745000, 87745497, 87746438, 87746479, 87725705];['Paris-Gare-de-Lyon', 'Bellegarde-s-V. Gare', 'Annemasse', 'Sallanches-Comb.MegÃ¨ve', 'St-Gervais-L-B-Le-Fayet', 'MÃ¢con-LochÃ©-TGV']
87726000;St-Etienne-ChÃ¢teaucreux;[87686006, 87694109, 87723197, 87725705];['Paris-Gare-de-Lyon', 'Creusot - TGV (le)', 'Lyon-Part-Dieu', 'MÃ¢con-LochÃ©-TGV']
87713412;Dole-Ville;[87686006, 87713131, 87713040, 87718007];['Paris-Gare-de-Lyon', 'Montbard', 'Dijon-Ville', 'BesanÃ§on-Viotte']
87718007;BesanÃ§on-Viotte;[87686006, 87713131, 87713040, 87300863, 87713412];['Paris-Gare-de-Lyon', 'Montbard', 'Dijon-Ville', 'BesanÃ§on-Franche-ComtÃ©', 'Dole-Ville']
87615286;Carcassonne;[87723197, 87763029, 87775007, 87773002, 87773200, 87781005, 87781104, 87611004, 87722025, 87688887, 87703975];['Lyon-Part-Dieu', 'Valence-TGV', 'NÃ®mes', 'Montpellier-Saint-Roch', 'SÃ¨te', 'BÃ©ziers', 'Narbonne', 'Toulouse-Matabiau', 'Lyon-Perrache', 'Montpellier-Sud-France', 'NÃ®mes Pont-du-Gard']
87611004;Toulouse-Matabiau;[87723197, 87763029, 87775007, 87773002, 87773200, 87781005, 87781104, 87615286, 87722025, 87688887, 87703975, 87391003, 87581009, 87586008, 87611244, 87393702];['Lyon-Part-Dieu', 'Valence-TGV', 'NÃ®mes', 'Montpellier-Saint-Roch', 'SÃ¨te', 'BÃ©ziers', 'Narbonne', 'Carcassonne', 'Lyon-Perrache', 'Montpellier-Sud-France', 'NÃ®mes Pont-du-Gard', 'Paris-Montparnasse 1-2', 'Bordeaux-St-Jean', 'Agen', 'Montauban-Ville-Bourbon', 'Massy-TGV']
87747006;Grenoble;[87762906, 87686006, 87742007];['Lyon-Saint-Exupery-Tgv', 'Paris-Gare-de-Lyon', 'Modane']
87741132;Aix-les-Bains-le-Revard;[87686006, 87725705, 87746008, 87741009, 87762906, 87742007];['Paris-Gare-de-Lyon', 'MÃ¢con-LochÃ©-TGV', 'Annecy', 'ChambÃ©ry-Chal.-les-Eaux', 'Lyon-Saint-Exupery-Tgv', 'Modane']
87746008;Annecy;[87686006, 87725705, 87741132, 87741009, 87762906];['Paris-Gare-de-Lyon', 'MÃ¢con-LochÃ©-TGV', 'Aix-les-Bains-le-Revard', 'ChambÃ©ry-Chal.-les-Eaux', 'Lyon-Saint-Exupery-Tgv']
87271007;Paris Gare du Nord;[87286005, 87342014, 87343004, 87345009, 87345025, 87286542, 87286732, 87286716, 87281006, 87223263, 87286302, 87342006, 87317586, 87281071, 87317057, 87317065, 87317263];['Lille Flandres', 'Arras', 'Valenciennes', 'Douai', 'Lens', 'Tourcoing', 'Roubaix', 'Croix Wasquehal', 'Dunkerque', 'Lille Europe', 'Hazebrouck', 'BÃ©thune', 'Boulogne Ville', 'Calais FrÃ©thun', 'Rang du Fl. Verton Ber.', 'Etaples Le Touquet', 'Calais Ville']
87281071;Calais FrÃ©thun;[87317586, 87223263, 87342014, 87271007, 87345009, 87317057, 87317065, 87317263];['Boulogne Ville', 'Lille Europe', 'Arras', 'Paris Gare du Nord', 'Douai', 'Rang du Fl. Verton Ber.', 'Etaples Le Touquet', 'Calais Ville']
87317586;Boulogne Ville;[87281071, 87223263, 87342014, 87271007, 87345009, 87317057, 87317065];['Calais FrÃ©thun', 'Lille Europe', 'Arras', 'Paris Gare du Nord', 'Douai', 'Rang du Fl. Verton Ber.', 'Etaples Le Touquet']
87317263;Calais Ville;[87281071, 87223263, 87345009, 87342014, 87271007];['Calais FrÃ©thun', 'Lille Europe', 'Douai', 'Arras', 'Paris Gare du Nord']
87281006;Dunkerque;[87223263, 87342014, 87271007, 87286302, 87342006, 87345025];['Lille Europe', 'Arras', 'Paris Gare du Nord', 'Hazebrouck', 'BÃ©thune', 'Lens']
87345025;Lens;[87271007, 87342014, 87345009, 87343004, 87281006, 87286302, 87342006];['Paris Gare du Nord', 'Arras', 'Douai', 'Valenciennes', 'Dunkerque', 'Hazebrouck', 'BÃ©thune']
87342006;BÃ©thune;[87281006, 87286302, 87345025, 87342014, 87271007];['Dunkerque', 'Hazebrouck', 'Lens', 'Arras', 'Paris Gare du Nord']
87286302;Hazebrouck;[87281006, 87342006, 87345025, 87342014, 87271007];['Dunkerque', 'BÃ©thune', 'Lens', 'Arras', 'Paris Gare du Nord']
87317065;Etaples Le Touquet;[87317057, 87317586, 87281071, 87223263, 87342014, 87271007];['Rang du Fl. Verton Ber.', 'Boulogne Ville', 'Calais FrÃ©thun', 'Lille Europe', 'Arras', 'Paris Gare du Nord']
87317057;Rang du Fl. Verton Ber.;[87317065, 87317586, 87281071, 87223263, 87342014, 87271007];['Etaples Le Touquet', 'Boulogne Ville', 'Calais FrÃ©thun', 'Lille Europe', 'Arras', 'Paris Gare du Nord']
87286716;Croix Wasquehal;[87286542, 87286732, 87286005, 87342014, 87271007];['Tourcoing', 'Roubaix', 'Lille Flandres', 'Arras', 'Paris Gare du Nord']
87286732;Roubaix;[87286542, 87286716, 87286005, 87342014, 87271007];['Tourcoing', 'Croix Wasquehal', 'Lille Flandres', 'Arras', 'Paris Gare du Nord']
87286542;Tourcoing;[87286732, 87286716, 87286005, 87342014, 87271007, 87581009, 87583005, 87575001, 87571240, 87393702, 87111849, 87271494, 87313882, 87751008, 87319012, 87318964, 87723197, 87763029, 87703975, 87688887];['Roubaix', 'Croix Wasquehal', 'Lille Flandres', 'Arras', 'Paris Gare du Nord', 'Bordeaux-St-Jean', 'AngoulÃªme', 'Poitiers', 'St-Pierre-des-Corps', 'Massy-TGV', 'Marne-la-VallÃ©e-Chessy.', 'AÃ©ropt-C-de-Gaulle-TGV', 'TGV Haute-Picardie', 'Marseille-St-Charles', 'Aix-en-Provence-TGV', 'Avignon-TGV', 'Lyon-Part-Dieu', 'Valence-TGV', 'NÃ®mes Pont-du-Gard', 'Montpellier-Sud-France']
87343004;Valenciennes;[87342014, 87271007, 87345009, 87345025];['Arras', 'Paris Gare du Nord', 'Douai', 'Lens']
87391003;Paris-Montparnasse 1-2;[87393702, 87478404, 87471003, 87396002, 87484006, 87481002, 87581009, 87583005, 87575001, 87571240, 87586008, 87611244, 87611004, 87471508, 87478107, 87478073, 87396408, 87473009, 87473207, 87474338, 87474007, 87476606, 87471300, 87476200, 87476002, 87474098, 87673202, 87673004, 87673400, 87677120, 87677005, 87575142, 87571216, 87571000, 87324095, 87485003, 87485300, 87485490, 87485227, 87582668, 87582478, 87582643, 87584052, 87671008, 87671339, 87672006, 87672253, 87473108, 87474239, 87473181, 87473223, 87474155, 87476317, 87481192, 87481705, 87481788, 87481754, 87481762, 87481747, 87486449, 87486019];"['Massy-TGV', 'Laval', 'Rennes', 'Le Mans', 'Angers-St-Laud', 'Nantes', 'Bordeaux-St-Jean', 'AngoulÃªme', 'Poitiers', 'St-Pierre-des-Corps', 'Agen', 'Montauban-Ville-Bourbon', 'Toulouse-Matabiau', 'VitrÃ©', 'St-Malo', 'Dol', 'SablÃ©-sur-Sarthe', 'St-Brieuc', 'Guingamp', 'Morlaix', 'Brest', 'Vannes', 'Redon', 'Auray', 'Lorient', 'Quimper', 'Dax', 'Bayonne', 'Biarritz', 'St-Jean-de-Luz-Ciboure', 'Hendaye', 'Chatellerault', 'VendÃ´me-Villiers-s-Loir', 'Tours', 'Futuroscope', 'La Rochelle-Ville', 'Niort', 'St-Maixent (Deux-SÃ¨vr.)', 'SurgÃ¨res', 'Arcachon', 'Biganos-Facture', 'La Teste', 'Libourne', 'Tarbes', 'Lourdes', 'Pau', 'Orthez', 'Lamballe', 'Landerneau', 'Plouaret-TrÃ©gor', 'Lannion', 'Rosporden', 'QuimperlÃ©', 'Ancenis', 'St-Nazaire', 'Le Croisic', 'La Baule-Escoublac', 'Le Pouliguen', 'Pornichet', ""Les Sables-d'Olonne"", 'La Roche-sur-Yon']"
87586008;Agen;[87391003, 87581009, 87611244, 87611004, 87393702];['Paris-Montparnasse 1-2', 'Bordeaux-St-Jean', 'Montauban-Ville-Bourbon', 'Toulouse-Matabiau', 'Massy-TGV']
87611244;Montauban-Ville-Bourbon;[87391003, 87581009, 87586008, 87611004];['Paris-Montparnasse 1-2', 'Bordeaux-St-Jean', 'Agen', 'Toulouse-Matabiau']
87473009;St-Brieuc;[87391003, 87471003, 87473207, 87474338, 87474007, 87396002, 87473108, 87478404, 87474239, 87473181, 87473223];['Paris-Montparnasse 1-2', 'Rennes', 'Guingamp', 'Morlaix', 'Brest', 'Le Mans', 'Lamballe', 'Laval', 'Landerneau', 'Plouaret-TrÃ©gor', 'Lannion']
87473207;Guingamp;[87391003, 87471003, 87473009, 87474338, 87474007, 87396002, 87473108, 87478404, 87474239, 87473181, 87473223];['Paris-Montparnasse 1-2', 'Rennes', 'St-Brieuc', 'Morlaix', 'Brest', 'Le Mans', 'Lamballe', 'Laval', 'Landerneau', 'Plouaret-TrÃ©gor', 'Lannion']
87474338;Morlaix;[87391003, 87471003, 87473009, 87473207, 87474007, 87396002, 87473108, 87478404, 87474239, 87473181];['Paris-Montparnasse 1-2', 'Rennes', 'St-Brieuc', 'Guingamp', 'Brest', 'Le Mans', 'Lamballe', 'Laval', 'Landerneau', 'Plouaret-TrÃ©gor']
87474007;Brest;[87391003, 87471003, 87473009, 87473207, 87474338, 87396002, 87473108, 87478404, 87474239, 87473181];['Paris-Montparnasse 1-2', 'Rennes', 'St-Brieuc', 'Guingamp', 'Morlaix', 'Le Mans', 'Lamballe', 'Laval', 'Landerneau', 'Plouaret-TrÃ©gor']
87473108;Lamballe;[87391003, 87396002, 87471003, 87473009, 87473207, 87474338, 87474007, 87474239, 87473181, 87478404];['Paris-Montparnasse 1-2', 'Le Mans', 'Rennes', 'St-Brieuc', 'Guingamp', 'Morlaix', 'Brest', 'Landerneau', 'Plouaret-TrÃ©gor', 'Laval']
87473181;Plouaret-TrÃ©gor;[87474007, 87474239, 87474338, 87473207, 87473009, 87473108, 87471003, 87391003];['Brest', 'Landerneau', 'Morlaix', 'Guingamp', 'St-Brieuc', 'Lamballe', 'Rennes', 'Paris-Montparnasse 1-2']
87474239;Landerneau;[87474007, 87474338, 87473181, 87473207, 87473009, 87473108, 87471003, 87391003];['Brest', 'Morlaix', 'Plouaret-TrÃ©gor', 'Guingamp', 'St-Brieuc', 'Lamballe', 'Rennes', 'Paris-Montparnasse 1-2']
87473223;Lannion;[87473207, 87473009, 87471003, 87391003];['Guingamp', 'St-Brieuc', 'Rennes', 'Paris-Montparnasse 1-2']
87471300;Redon;[87391003, 87476606, 87476200, 87476002, 87474098, 87471003, 87474155, 87476317, 87478404, 87396002];['Paris-Montparnasse 1-2', 'Vannes', 'Auray', 'Lorient', 'Quimper', 'Rennes', 'Rosporden', 'QuimperlÃ©', 'Laval', 'Le Mans']
87476606;Vannes;[87471003, 87391003, 87471300, 87476200, 87476002, 87474098, 87474155, 87476317, 87478404, 87396002, 87471508];['Rennes', 'Paris-Montparnasse 1-2', 'Redon', 'Auray', 'Lorient', 'Quimper', 'Rosporden', 'QuimperlÃ©', 'Laval', 'Le Mans', 'VitrÃ©']
87476200;Auray;[87391003, 87471300, 87476606, 87476002, 87474098, 87471003, 87474155, 87476317, 87478404, 87396002, 87471508];['Paris-Montparnasse 1-2', 'Redon', 'Vannes', 'Lorient', 'Quimper', 'Rennes', 'Rosporden', 'QuimperlÃ©', 'Laval', 'Le Mans', 'VitrÃ©']
87476002;Lorient;[87391003, 87471300, 87476606, 87476200, 87474098, 87471003, 87474155, 87476317, 87478404, 87396002, 87471508];['Paris-Montparnasse 1-2', 'Redon', 'Vannes', 'Auray', 'Quimper', 'Rennes', 'Rosporden', 'QuimperlÃ©', 'Laval', 'Le Mans', 'VitrÃ©']
87471508;VitrÃ©;[87391003, 87478404, 87471003, 87396002, 87478073, 87478107, 87476606, 87476200, 87476002];['Paris-Montparnasse 1-2', 'Laval', 'Rennes', 'Le Mans', 'Dol', 'St-Malo', 'Vannes', 'Auray', 'Lorient']
87474098;Quimper;[87476002, 87476200, 87476606, 87471300, 87471003, 87391003, 87474155, 87476317, 87478404];['Lorient', 'Auray', 'Vannes', 'Redon', 'Rennes', 'Paris-Montparnasse 1-2', 'Rosporden', 'QuimperlÃ©', 'Laval']
87476317;QuimperlÃ©;[87474098, 87474155, 87476002, 87476200, 87476606, 87471300, 87471003, 87391003];['Quimper', 'Rosporden', 'Lorient', 'Auray', 'Vannes', 'Redon', 'Rennes', 'Paris-Montparnasse 1-2']
87474155;Rosporden;[87474098, 87476317, 87476002, 87476200, 87476606, 87471300, 87471003, 87391003, 87478404];['Quimper', 'QuimperlÃ©', 'Lorient', 'Auray', 'Vannes', 'Redon', 'Rennes', 'Paris-Montparnasse 1-2', 'Laval']
87478107;St-Malo;[87478073, 87471003, 87478404, 87396002, 87391003, 87471508];['Dol', 'Rennes', 'Laval', 'Le Mans', 'Paris-Montparnasse 1-2', 'VitrÃ©']
87478073;Dol;[87478107, 87471003, 87478404, 87396002, 87391003, 87471508];['St-Malo', 'Rennes', 'Laval', 'Le Mans', 'Paris-Montparnasse 1-2', 'VitrÃ©']
87486019;La Roche-sur-Yon;[87486449, 87481002, 87484006, 87391003, 87396002, 87396408];"[""Les Sables-d'Olonne"", 'Nantes', 'Angers-St-Laud', 'Paris-Montparnasse 1-2', 'Le Mans', 'SablÃ©-sur-Sarthe']"
87481705;St-Nazaire;[87481002, 87484006, 87391003, 87481788, 87481754, 87396002, 87481762, 87481747, 87396408, 87481192];['Nantes', 'Angers-St-Laud', 'Paris-Montparnasse 1-2', 'Le Croisic', 'La Baule-Escoublac', 'Le Mans', 'Le Pouliguen', 'Pornichet', 'SablÃ©-sur-Sarthe', 'Ancenis']
87481754;La Baule-Escoublac;[87481788, 87481705, 87481002, 87484006, 87396002, 87391003, 87481762, 87481747, 87396408, 87481192];['Le Croisic', 'St-Nazaire', 'Nantes', 'Angers-St-Laud', 'Le Mans', 'Paris-Montparnasse 1-2', 'Le Pouliguen', 'Pornichet', 'SablÃ©-sur-Sarthe', 'Ancenis']
87481788;Le Croisic;[87481754, 87481705, 87481002, 87484006, 87396002, 87391003, 87481762, 87481747, 87396408, 87481192];['La Baule-Escoublac', 'St-Nazaire', 'Nantes', 'Angers-St-Laud', 'Le Mans', 'Paris-Montparnasse 1-2', 'Le Pouliguen', 'Pornichet', 'SablÃ©-sur-Sarthe', 'Ancenis']
87481747;Pornichet;[87481788, 87481762, 87481754, 87481705, 87481002, 87391003, 87396002, 87484006, 87481192];['Le Croisic', 'Le Pouliguen', 'La Baule-Escoublac', 'St-Nazaire', 'Nantes', 'Paris-Montparnasse 1-2', 'Le Mans', 'Angers-St-Laud', 'Ancenis']
87481762;Le Pouliguen;[87481788, 87481754, 87481747, 87481705, 87481002, 87391003, 87396002, 87484006, 87481192];['Le Croisic', 'La Baule-Escoublac', 'Pornichet', 'St-Nazaire', 'Nantes', 'Paris-Montparnasse 1-2', 'Le Mans', 'Angers-St-Laud', 'Ancenis']
87396408;SablÃ©-sur-Sarthe;[87481002, 87484006, 87391003, 87396002, 87481788, 87481754, 87481705, 87486019, 87486449];"['Nantes', 'Angers-St-Laud', 'Paris-Montparnasse 1-2', 'Le Mans', 'Le Croisic', 'La Baule-Escoublac', 'St-Nazaire', 'La Roche-sur-Yon', ""Les Sables-d'Olonne""]"
87481192;Ancenis;[87481002, 87484006, 87396002, 87391003, 87481705, 87481747, 87481754, 87481762, 87481788];['Nantes', 'Angers-St-Laud', 'Le Mans', 'Paris-Montparnasse 1-2', 'St-Nazaire', 'Pornichet', 'La Baule-Escoublac', 'Le Pouliguen', 'Le Croisic']
87486449;Les Sables-d'Olonne;[87486019, 87481002, 87484006, 87391003, 87396002, 87396408];['La Roche-sur-Yon', 'Nantes', 'Angers-St-Laud', 'Paris-Montparnasse 1-2', 'Le Mans', 'SablÃ©-sur-Sarthe']
87582478;Biganos-Facture;[87582668, 87581009, 87391003, 87582643, 87583005, 87571240];['Arcachon', 'Bordeaux-St-Jean', 'Paris-Montparnasse 1-2', 'La Teste', 'AngoulÃªme', 'St-Pierre-des-Corps']
87582668;Arcachon;[87582478, 87581009, 87391003, 87582643, 87583005, 87571240];['Biganos-Facture', 'Bordeaux-St-Jean', 'Paris-Montparnasse 1-2', 'La Teste', 'AngoulÃªme', 'St-Pierre-des-Corps']
87582643;La Teste;[87582668, 87582478, 87581009, 87583005, 87571240, 87391003];['Arcachon', 'Biganos-Facture', 'Bordeaux-St-Jean', 'AngoulÃªme', 'St-Pierre-des-Corps', 'Paris-Montparnasse 1-2']
87584052;Libourne;[87581009, 87583005, 87575001, 87391003, 87571240, 87575142];['Bordeaux-St-Jean', 'AngoulÃªme', 'Poitiers', 'Paris-Montparnasse 1-2', 'St-Pierre-des-Corps', 'Chatellerault']
87571216;VendÃ´me-Villiers-s-Loir;[87391003, 87571240, 87575142, 87575001, 87571000, 87324095, 87485300, 87485003, 87485227, 87581009, 87583005];['Paris-Montparnasse 1-2', 'St-Pierre-des-Corps', 'Chatellerault', 'Poitiers', 'Tours', 'Futuroscope', 'Niort', 'La Rochelle-Ville', 'SurgÃ¨res', 'Bordeaux-St-Jean', 'AngoulÃªme']
87575142;Chatellerault;[87391003, 87575001, 87571216, 87571240, 87324095, 87583005, 87581009, 87584052];['Paris-Montparnasse 1-2', 'Poitiers', 'VendÃ´me-Villiers-s-Loir', 'St-Pierre-des-Corps', 'Futuroscope', 'AngoulÃªme', 'Bordeaux-St-Jean', 'Libourne']
87673202;Dax;[87391003, 87581009, 87673004, 87673400, 87677120, 87677005, 87671008, 87671339, 87672006, 87672253, 87393702];['Paris-Montparnasse 1-2', 'Bordeaux-St-Jean', 'Bayonne', 'Biarritz', 'St-Jean-de-Luz-Ciboure', 'Hendaye', 'Tarbes', 'Lourdes', 'Pau', 'Orthez', 'Massy-TGV']
87673004;Bayonne;[87391003, 87581009, 87673202, 87673400, 87677120, 87677005];['Paris-Montparnasse 1-2', 'Bordeaux-St-Jean', 'Dax', 'Biarritz', 'St-Jean-de-Luz-Ciboure', 'Hendaye']
87673400;Biarritz;[87391003, 87581009, 87673202, 87673004, 87677120, 87677005];['Paris-Montparnasse 1-2', 'Bordeaux-St-Jean', 'Dax', 'Bayonne', 'St-Jean-de-Luz-Ciboure', 'Hendaye']
87677120;St-Jean-de-Luz-Ciboure;[87391003, 87581009, 87673202, 87673004, 87673400, 87677005];['Paris-Montparnasse 1-2', 'Bordeaux-St-Jean', 'Dax', 'Bayonne', 'Biarritz', 'Hendaye']
87677005;Hendaye;[87391003, 87581009, 87673202, 87673004, 87673400, 87677120];['Paris-Montparnasse 1-2', 'Bordeaux-St-Jean', 'Dax', 'Bayonne', 'Biarritz', 'St-Jean-de-Luz-Ciboure']
87485300;Niort;[87485003, 87391003, 87485490, 87485227, 87571240, 87571000, 87571216, 87575001];['La Rochelle-Ville', 'Paris-Montparnasse 1-2', 'St-Maixent (Deux-SÃ¨vr.)', 'SurgÃ¨res', 'St-Pierre-des-Corps', 'Tours', 'VendÃ´me-Villiers-s-Loir', 'Poitiers']
87485227;SurgÃ¨res;[87391003, 87485490, 87485300, 87485003, 87571240, 87571000, 87571216, 87575001];['Paris-Montparnasse 1-2', 'St-Maixent (Deux-SÃ¨vr.)', 'Niort', 'La Rochelle-Ville', 'St-Pierre-des-Corps', 'Tours', 'VendÃ´me-Villiers-s-Loir', 'Poitiers']
87485003;La Rochelle-Ville;[87485300, 87391003, 87485490, 87485227, 87571240, 87571000, 87571216, 87575001];['Niort', 'Paris-Montparnasse 1-2', 'St-Maixent (Deux-SÃ¨vr.)', 'SurgÃ¨res', 'St-Pierre-des-Corps', 'Tours', 'VendÃ´me-Villiers-s-Loir', 'Poitiers']
87485490;St-Maixent (Deux-SÃ¨vr.);[87391003, 87485300, 87485227, 87485003, 87575001, 87571240];['Paris-Montparnasse 1-2', 'Niort', 'SurgÃ¨res', 'La Rochelle-Ville', 'Poitiers', 'St-Pierre-des-Corps']
87324095;Futuroscope;[87391003, 87571216, 87571240, 87575142, 87575001];['Paris-Montparnasse 1-2', 'VendÃ´me-Villiers-s-Loir', 'St-Pierre-des-Corps', 'Chatellerault', 'Poitiers']
87571000;Tours;[87571240, 87571216, 87391003, 87485003, 87485227, 87485300];['St-Pierre-des-Corps', 'VendÃ´me-Villiers-s-Loir', 'Paris-Montparnasse 1-2', 'La Rochelle-Ville', 'SurgÃ¨res', 'Niort']
87672253;Orthez;[87671008, 87671339, 87672006, 87673202, 87581009, 87391003, 87393702];['Tarbes', 'Lourdes', 'Pau', 'Dax', 'Bordeaux-St-Jean', 'Paris-Montparnasse 1-2', 'Massy-TGV']
87672006;Pau;[87671008, 87671339, 87672253, 87673202, 87581009, 87391003, 87393702];['Tarbes', 'Lourdes', 'Orthez', 'Dax', 'Bordeaux-St-Jean', 'Paris-Montparnasse 1-2', 'Massy-TGV']
87671339;Lourdes;[87671008, 87672006, 87672253, 87673202, 87581009, 87391003, 87393702];['Tarbes', 'Pau', 'Orthez', 'Dax', 'Bordeaux-St-Jean', 'Paris-Montparnasse 1-2', 'Massy-TGV']
87671008;Tarbes;[87671339, 87672006, 87672253, 87673202, 87581009, 87391003, 87393702];['Lourdes', 'Pau', 'Orthez', 'Dax', 'Bordeaux-St-Jean', 'Paris-Montparnasse 1-2', 'Massy-TGV']
